element,image
3_2_2,0_1_1
3_3_2,0_2_1
3_3_3,0_2_2
3_4_3,0_3_2
3_5_4,0_4_3
3_8_3,0_7_2
3_9_4,0_8_3
3_9_5,0_8_4
3_10_4,0_9_3_0
3_10_5,0_9_4
3_10_6,0_9_5
3_11_4,0_10_3
3_11_5,0_10_4
13_63_6_3,0_52_5
3_11_6,0_10_5
13_63_7_0,0_52_6
3_11_7,0_10_6
19_35_8_0,0_18_7
3_12_6,0_11_5
37_44_5_0,0_9_4
3_12_7,0_11_6
37_44_6_0,0_9_5
19_35_9_0,0_18_8
3_13_8,0_12_7
37_45_4_1,0_10_3
19_36_5,0_19_4
3_15_5,0_14_4
37_45_7_0,0_10_6
3_16_6,0_15_5
37_50_6_0,0_15_5
3_16_7,0_15_6
3_17_6,0_16_5
13_63_8_0,0_52_7
3_17_7,0_16_6
3_17_8,0_16_7
37_50_7,0_15_6
3_17_9,0_16_8
37_51_3,0_16_2
37_51_7_0,0_16_6
3_18_7,0_17_6
37_51_8_0,0_16_7
3_18_8,0_17_7
15_65_9_0,0_52_8_1
3_18_9,0_17_8
3_18_10,0_17_9
3_19_8,0_18_7
37_52_4_0,0_17_3
19_36_10,0_19_9
3_19_9,0_18_8
31_38_3_0,0_9_2
37_52_9,0_17_8
3_19_10,0_18_9
3_19_11,0_18_10
31_38_4_0,0_9_3_1
3_20_6,0_19_5
19_36_11,0_19_10
19_37_12_0,0_20_11
19_38_4,0_21_3
13_63_9_1,0_52_8_0
31_39_4_0,0_10_3
37_52_10,0_17_9
19_38_7_0,0_21_6
3_20_10,0_19_9
31_39_5_0,0_10_4
3_20_11,0_19_10
31_40_6_0,0_11_5
19_40_5_1,0_23_4_0 + 0_23_4_1
19_40_6_1,0_23_5
3_21_12,0_20_11
3_22_7,0_21_6
3_23_6,0_22_5
37_53_8,0_18_7
3_23_9,0_22_8
3_24_5,0_23_4_0
31_40_7,0_11_6
17_36_6_0,0_21_5
3_24_8,0_23_7
3_24_10,0_23_9
17_37_5_0,0_22_4
37_53_11_0,0_18_10
31_41_8,0_12_7
37_54_6_0,0_19_5
31_45_6_0,0_16_5
31_45_7_0,0_16_6
31_46_3,0_17_2
37_56_6,0_21_5
31_46_4_1,0_17_3
3_24_11,0_23_10
17_37_9_0,0_22_8
3_25_5,0_24_4
17_38_5,0_23_4_1
17_38_6_1,0_23_5
47_54_3,0_9_2
37_56_7,0_21_6
3_25_6,0_24_5
37_57_4,0_22_3
47_54_4_0,0_9_3_1
31_46_7_0,0_17_6
3_25_7,0_24_6
3_25_10,0_24_9
17_38_8_0,0_23_7
3_25_11,0_24_10
3_25_12,0_24_11
47_55_4,0_10_3
37_57_5_1,0_22_4
17_38_10_0,0_23_9
31_47_3,0_18_2
31_47_4,0_18_3
17_39_6,0_24_5
13_63_9_3,0_52_8_1
47_55_5,0_10_4
37_57_6_1,0_22_5
47_56_6,0_11_5
37_58_5_0,0_23_4_1
47_56_7,0_11_6
37_58_5_1,0_23_4_0
3_25_13,0_24_12
31_47_5_0,0_18_4
47_57_8_0,0_12_7
17_39_11,0_24_10
31_47_8_0,0_18_7
19_40_8_0,0_23_7
19_41_5_0,0_24_4
3_26_6,0_25_5
3_26_9,0_25_8
17_63_5_2,0_48_4
19_41_6,0_24_5
47_61_6_0,0_16_5
3_26_11,0_25_10
17_63_6_0,0_48_5
31_47_9,0_18_8
31_48_5_0,0_19_4
19_41_7_1,0_24_6
17_63_8_1,0_48_7_1
17_39_12_0,0_24_11
47_61_7_0,0_16_6
19_42_6_0,0_25_5
31_48_6_0,0_19_5
3_26_12,0_25_11
37_58_10,0_23_9
47_62_7_0,0_17_6
19_42_11,0_25_10
17_40_9,0_25_8
3_26_13,0_25_12
17_63_10_1,0_48_9
47_63_4,0_18_3
47_63_5,0_18_4
3_26_14,0_25_13
33_52_4_0,0_21_3
33_52_6_0,0_21_5
33_53_5_1,0_22_4
3_27_7,0_26_6
17_40_13_0,0_25_12
47_63_8_0,0_18_7
47_63_9_0,0_18_8
3_27_8,0_26_7
33_53_9_0,0_22_8
33_54_5_0,0_23_4_1
3_27_12,0_26_11
3_27_13,0_26_12
3_27_14,0_26_13
3_27_15,0_26_14
3_28_7,0_27_6
33_54_6_1,0_23_5
3_28_10,0_27_9
17_40_14,0_25_13
17_41_7_0,0_26_6
33_54_8_0,0_23_7
3_28_14,0_27_13
3_28_15,0_27_14
17_41_8,0_26_7
3_29_9,0_28_8
33_54_10_0,0_23_9
17_67_9_0,0_52_8_1
33_55_6_0,0_24_5
33_55_11_0,0_24_10
3_29_16,0_28_15
3_30_8,0_29_7
3_30_11,0_29_10
3_31_10,0_30_9
17_41_15,0_26_14
3_31_13,0_30_12
33_55_12_0,0_24_11
19_42_12_0,0_25_11
33_56_9_0,0_25_8
3_32_9,0_31_8
3_32_12,0_31_11
3_32_14,0_31_13
33_56_13_0,0_25_12
3_32_15,0_31_14
25_63_6_0,0_40_5_1
3_33_11,0_32_10
3_33_14,0_32_13
3_33_15,0_32_14
3_33_16,0_32_15
3_33_17,0_32_16
3_34_10,0_33_9
3_34_13,0_33_12
3_34_15,0_33_14
37_58_11,0_23_10
37_59_6,0_24_5
17_42_14_0,0_27_13
3_34_16,0_33_15
19_42_13_0,0_25_12
37_59_7,0_24_6
19_43_7,0_26_6
37_59_11_0,0_24_10
17_43_9,0_28_8
3_34_17,0_33_16
3_34_18,0_33_17
3_35_9,0_34_8
17_44_8,0_29_7
17_45_3,0_30_2
19_43_8,0_26_7
19_43_12_0,0_26_11
15_65_10_0,0_52_9
37_59_12_0,0_24_11
3_35_12,0_34_11
17_45_7_0,0_30_6
25_63_7_0,0_40_6
25_63_9_0,0_40_8
3_35_16,0_34_15
37_60_13_0,0_25_12
19_43_13_0,0_26_12
19_44_7,0_27_6
25_63_11_0,0_40_10
3_35_17,0_34_16
37_60_14_0,0_25_13
37_61_7_0,0_26_6
37_61_12_0,0_26_11
3_35_18,0_34_17
3_35_19,0_34_18
3_36_11,0_35_10
3_36_14,0_35_13
15_46_10_0,0_33_9
15_46_15_0,0_33_14
15_47_4,0_34_3
15_47_6_0,0_34_5
15_47_7_0,0_34_6
15_47_8_0,0_34_7
15_47_9,0_34_8
15_47_16_0,0_34_15
17_57_10_0,0_42_9
15_47_17_0,0_34_16
21_70_9_0,0_51_8
21_71_6_1,0_52_5
21_71_7_0,0_52_6
21_71_8_0,0_52_7
21_72_6_0,0_53_5_1
21_72_6_1,0_53_5_0 + 0_53_5_1
21_72_7_0,0_53_6
21_73_6,0_54_5
23_24_3,0_3_2
23_25_4,0_4_3
23_27_3,0_6_2
23_30_4_0,0_9_3_1
23_31_4,0_10_3
23_31_5_0,0_10_4
23_31_6,0_10_5
23_31_7,0_10_6
23_32_6_0,0_11_5
23_32_7_0,0_11_6
23_33_8,0_12_7
23_37_6_0,0_16_5
23_37_7_0,0_16_6
23_38_3,0_17_2
23_38_4_1,0_17_3
23_38_5_0,0_17_4
23_38_7_0,0_17_6
23_39_3,0_18_2
23_39_4_0,0_18_3
23_39_5_0,0_18_4
23_39_8,0_18_7
23_39_9_0,0_18_8
23_40_4_0,0_19_3
23_40_5_0,0_19_4
23_40_6_0,0_19_5
23_40_10_0,0_19_9
23_40_11_0,0_19_10
23_41_4_1,0_20_3
23_41_12,0_20_11
23_42_4,0_21_3
23_42_6_0,0_21_5
23_43_5,0_22_4
23_43_6,0_22_5
23_44_5_0,0_23_4_0 + 0_23_4_1
23_44_6_0,0_23_5
23_45_5_0,0_24_4
23_45_6_1,0_24_5
17_67_12_0,0_52_11
17_68_6_2,0_53_5_1
23_45_10,0_24_9
23_45_11,0_24_10
23_46_6_0,0_25_5
17_53_11,0_38_10
17_68_8_2,0_53_7
21_34_6_0,0_15_5
21_34_7,0_15_6
21_35_3,0_16_2
21_35_7_0,0_16_6
21_35_8_0,0_16_7
21_36_4,0_17_3
21_36_9,0_17_8
21_36_10,0_17_9
21_37_8_0,0_18_7
21_37_11_0,0_18_10
3_36_18,0_35_17
21_38_5,0_19_4
21_38_6_0,0_19_5
21_39_4,0_20_3
21_40_4_1,0_21_3
21_40_6_0,0_21_5
21_40_7,0_21_6
21_41_4_0,0_22_3
21_41_5_1,0_22_4
21_41_6_1,0_22_5
21_42_5_0,0_23_4_1
21_42_5_1,0_23_4_0
21_42_10,0_23_9
21_42_11,0_23_10
21_43_6,0_24_5
3_36_19,0_35_18
3_37_10,0_36_9
21_43_7,0_24_6
21_43_11_0,0_24_10
21_43_12_0,0_24_11
21_44_13,0_25_12
3_37_13,0_36_12
3_37_20,0_36_19
3_38_9,0_37_8
3_38_12,0_37_11
15_65_12_0,0_52_11
15_66_6,0_53_5_1
15_47_18_1,0_34_17
15_47_19,0_34_18
15_48_5_0,0_35_4
15_48_6_0,0_35_5
15_48_7_1,0_35_6
15_48_14_0,0_35_13
47_63_10_1,0_18_9
3_38_15,0_37_14
3_39_8,0_38_7
3_39_9,0_38_8
3_39_11,0_38_10
3_39_14,0_38_13
47_63_11_2,0_18_10
47_64_5_0,0_19_4
47_64_6_0,0_19_5
47_64_10_0,0_19_9
31_48_10,0_19_9
17_63_13,0_48_12
33_56_14,0_25_13
33_57_7_0,0_26_6
33_57_8_0,0_26_7
33_57_15_0,0_26_14
33_58_14_0,0_27_13
33_59_9,0_28_8
33_60_8_0,0_29_7
33_61_3,0_30_2
33_61_7_0,0_30_6
21_44_14,0_25_13
21_45_7_0,0_26_6
19_44_14,0_27_13
21_45_12_0,0_26_11
21_45_15_0,0_26_14
21_46_7_0,0_27_6
17_57_13,0_42_12
23_46_11_0,0_25_10
23_47_7_0,0_26_6
33_61_13_0,0_30_12
33_62_2,0_31_1
33_62_4_0,0_31_3
33_62_6_0,0_31_5_1
33_62_9_0,0_31_8
17_45_13,0_30_12
17_46_4,0_31_3
17_46_6_0,0_31_5_1
33_62_14_0,0_31_13
33_63_3_0,0_32_2
33_63_5_1,0_32_4
33_63_7_1,0_32_6
33_63_8_0,0_32_7
33_63_15_0,0_32_14
17_46_6_1,0_31_5_0 + 0_31_5_1
17_46_9_0,0_31_8
33_63_16_0,0_32_15
33_64_4_0,0_33_3
33_64_5_1,0_33_4_1
33_64_8_0,0_33_7
17_46_14_0,0_31_13
17_47_3,0_32_2
17_47_5_0,0_32_4
17_47_7_1,0_32_6
17_47_8_0,0_32_7
17_47_15,0_32_14
17_47_16_0,0_32_15
17_68_10_1,0_53_9
47_64_11,0_19_10
47_65_12_0,0_20_11
47_66_4,0_21_3
47_66_6_0,0_21_5
47_67_5_0,0_22_4
47_67_6_0,0_22_5
47_68_5_1,0_23_4_0 + 0_23_4_1
47_68_6_0,0_23_5
25_63_12,0_40_11
25_64_7_1,0_41_6_0
15_48_18,0_35_17
13_63_12,0_52_11
25_64_8_0,0_41_7
25_64_11,0_41_10_1
25_65_7_0,0_42_6
25_65_10_0,0_42_9
17_63_15_0,0_48_14
19_44_15,0_27_14
19_45_16_0,0_28_15
19_46_8_0,0_29_7
19_48_4_0,0_31_3
37_61_15,0_26_14
37_62_7_0,0_27_6
19_48_12_0,0_31_11
19_49_4,0_32_3
19_49_8,0_32_7
19_49_11_0,0_32_10
19_50_5,0_33_4_1
17_61_7_1,0_46_6
17_61_8_0,0_46_7_1
17_61_9_0,0_46_8
17_61_12_0,0_46_11
33_64_13,0_33_12
33_65_3_0,0_34_2
33_65_7_0,0_34_6
33_65_9_1,0_34_8
33_65_12_0,0_34_11
33_66_6_0,0_35_5
33_66_8_1,0_35_7
33_67_7_1,0_36_6
33_68_4_0,0_37_3
33_68_6_1,0_37_5
33_68_8_0,0_37_7
33_68_9_0,0_37_8
33_69_3,0_38_2
33_69_5_2,0_38_4
33_69_7_0,0_38_6_0
33_69_7_2,0_38_6_1
33_70_4_0,0_39_3
33_70_5_0,0_39_4_1
33_70_6_0,0_39_5_1
33_70_8_1,0_39_7
33_71_5_0,0_40_4_2
33_71_5_2,0_40_4_1
33_71_6_0,0_40_5_1
33_71_7_1,0_40_6
33_72_4_1,0_41_3
35_36_3,0_3_2
35_37_4,0_4_3
35_42_4,0_9_3_0
35_42_5,0_9_4
35_43_4,0_10_3
35_43_5,0_10_4
35_44_6_0,0_11_5
35_44_7,0_11_6
35_45_8,0_12_7
35_50_7,0_17_6
35_50_8,0_17_7
35_50_9,0_17_8
35_51_4,0_18_3
35_51_8_0,0_18_7
35_51_9_0,0_18_8
35_52_5_0,0_19_4
35_52_10,0_19_9
35_52_11_0,0_19_10
35_53_12_0,0_20_11
35_54_7,0_21_6
35_56_8,0_23_7
35_57_5,0_24_4
35_57_6,0_24_5
35_57_7_1,0_24_6
35_58_6_0,0_25_5
35_58_11,0_25_10
15_48_19,0_35_18
15_49_6_1,0_36_5
15_49_10,0_36_9
23_47_12,0_26_11
31_48_11,0_19_10
23_47_13_0,0_26_12
13_63_15_0,0_52_14
13_64_6_4,0_53_5_1
13_64_7_1,0_53_6
13_64_8_1,0_53_7
25_65_13_0,0_42_12
25_66_12_0,0_43_11
25_67_5_1,0_44_4
25_67_11_0,0_44_10
25_68_4,0_45_3
25_68_6_0,0_45_5_0
25_68_6_1,0_45_5_1 + 0_45_5_0
25_68_7_1,0_45_6
25_68_10_0,0_45_9
25_69_5,0_46_4
25_69_6_2,0_46_5
25_69_7_0,0_46_6
25_69_8_0,0_46_7_1
25_69_8_3,0_46_7_0
25_69_9_1,0_46_8
25_70_6_1,0_47_5
25_70_8_0,0_47_7_1
25_70_9_0,0_47_8_1
25_70_9_1,0_47_8_2
25_71_5_1,0_48_4
25_71_6_0,0_48_5
25_71_7_1,0_48_6
25_71_8_1,0_48_7_1
25_72_5_1,0_49_4
25_72_6_0,0_49_5
25_73_5,0_50_4
27_28_3,0_3_2
27_29_4,0_4_3
27_34_3,0_9_2
27_34_4_0,0_9_3_0 + 0_9_3_1
27_34_4_1,0_9_3_1
27_34_5,0_9_4
27_35_4,0_10_3
27_35_5_0,0_10_4
27_36_6_0,0_11_5
27_36_7,0_11_6
27_37_8_0,0_12_7
27_39_3_0,0_14_2
27_42_7_0,0_17_6
27_42_8_0,0_17_7
27_42_9_0,0_17_8
27_43_4,0_18_3
27_43_8,0_18_7
27_43_9,0_18_8
27_44_5_0,0_19_4
27_44_10_0,0_19_9
27_44_11,0_19_10
27_45_12_0,0_20_11
27_46_4,0_21_3
27_48_8_0,0_23_7
27_49_5_0,0_24_4
27_49_6_0,0_24_5
27_49_7_1,0_24_6
27_50_6_0,0_25_5
15_66_7_1,0_53_6
15_66_8_0,0_53_7
15_66_9_1,0_53_8
27_67_8_0,0_42_7
27_67_10_0,0_42_9
27_67_12_0,0_42_11
27_68_9_0,0_43_8
27_70_4,0_45_3
27_70_6_1,0_45_5_0
27_71_6_1,0_46_5
27_72_6_1,0_47_5
27_73_5_1,0_48_4
29_28_2,0_1_1
29_29_3,0_2_2
29_31_4,0_4_3
29_33_3,0_6_2
29_34_2,0_7_1
29_34_3_0,0_7_2
29_35_3,0_8_2
29_35_4,0_8_3
29_36_4,0_9_3_1
29_36_5,0_9_4
29_36_6_0,0_9_5
29_37_4,0_10_3
29_37_7_0,0_10_6
29_41_3_0,0_14_2
29_42_6_0,0_15_5
29_42_7_0,0_15_6
29_43_3,0_16_2
29_43_7,0_16_6
29_43_8,0_16_7
29_44_4_0,0_17_3
29_44_9,0_17_8
29_44_10_0,0_17_9
29_45_8,0_18_7
29_45_11,0_18_10
29_46_5,0_19_4
29_48_4_0,0_21_3
29_48_6_0,0_21_5
29_48_7_0,0_21_6
29_49_4_0,0_22_3
29_49_6_1,0_22_5
29_50_5_0,0_23_4_1
29_50_5_1,0_23_4_0
29_50_10_0,0_23_9
15_66_10_2,0_53_9
15_67_6_1,0_54_5
15_67_8_2,0_54_7
15_67_9_1,0_54_8
19_50_15,0_33_14
47_69_10_0,0_24_9
47_70_6_0,0_25_5
47_70_9_0,0_25_8
47_71_7_0,0_26_6
49_48_2,0_1_1
49_49_3,0_2_2
49_50_2,0_3_1
49_53_3,0_6_2
49_54_2,0_7_1
49_55_3_0,0_8_2
49_55_4,0_8_3
49_56_4_0,0_9_3_1
49_56_5,0_9_4
49_56_6,0_9_5
49_57_7_0,0_10_6
49_58_6_0,0_11_5
49_61_3,0_14_2
49_61_5,0_14_4
49_62_6_0,0_15_5
49_63_3_0,0_16_2
49_63_7_0,0_16_6
49_63_8_0,0_16_7
15_49_13,0_36_12
27_50_11,0_25_10
15_49_20_0,0_36_19
15_50_4_0,0_37_3
15_50_7_1,0_37_6
15_50_8,0_37_7
15_50_9,0_37_8
15_51_7_0,0_38_6_0
15_51_8_0,0_38_7
27_50_12,0_25_11
27_50_13_0,0_25_12
27_51_7_0,0_26_6
27_51_8_0,0_26_7
27_51_12_0,0_26_11
27_51_13,0_26_12
27_52_7_1,0_27_6
19_50_16_0,0_33_15
27_52_14_0,0_27_13
27_52_15,0_27_14
27_53_16_0,0_28_15
27_54_8_0,0_29_7
19_50_17_0,0_33_16
13_64_10_0,0_53_9
19_51_4,0_34_3
19_51_6_0,0_34_5
19_51_8_0,0_34_7
19_51_12_0,0_34_11
15_51_14,0_38_13
15_52_6_0,0_39_5_1
15_52_7_0,0_39_6
15_52_8_0,0_39_7
15_52_10_0,0_39_9_0
19_51_16_0,0_34_15
15_52_13,0_39_12
15_53_4,0_40_3
15_53_5_0,0_40_4_2
15_53_5_2,0_40_4_1
15_53_6_0,0_40_5_0
15_53_8_1,0_40_7
19_51_17_0,0_34_16
19_52_5_0,0_35_4
19_52_11_0,0_35_10
35_58_12,0_25_11
15_53_12,0_40_11
27_54_11_0,0_29_10
27_56_12_0,0_31_11
13_64_14_0,0_53_13
27_57_8_0,0_32_7
31_49_12,0_20_11
31_50_4_0,0_21_3
31_50_6_0,0_21_5
31_51_5_0,0_22_4
31_51_6_0,0_22_5
13_65_6_1,0_54_5
31_52_5_1,0_23_4_0 + 0_23_4_1
31_52_6_0,0_23_5
13_65_7_1,0_54_6
27_57_11_0,0_32_10
27_58_5,0_33_4_1
29_50_11,0_23_10
29_51_6_0,0_24_5
31_53_10_0,0_24_9
27_58_7_1,0_33_6
31_53_11_0,0_24_10
31_54_6_0,0_25_5
27_58_8_1,0_33_7
29_51_7_0,0_24_6
29_51_11,0_24_10
29_51_12_0,0_24_11
29_52_13,0_25_12
29_52_14_0,0_25_13
29_53_7_0,0_26_6
31_54_9_0,0_25_8
31_54_11_0,0_25_10
31_55_7_0,0_26_6
31_55_12_0,0_26_11
31_55_13,0_26_12
29_53_12_0,0_26_11
29_53_15_0,0_26_14
29_54_7,0_27_6
31_56_10_0,0_27_9
35_58_13,0_25_12
35_59_7,0_26_6
35_59_8,0_26_7
35_59_12_0,0_26_11
35_59_13_0,0_26_12
31_56_14,0_27_13
35_60_7_0,0_27_6
13_65_7_3,0_54_6
13_65_8_0,0_54_7
35_60_14_0,0_27_13
29_54_10_0,0_27_9
35_60_15_0,0_27_14
29_56_11_0,0_29_10
29_57_7,0_30_6
29_57_10_0,0_30_9
29_58_4,0_31_3
29_58_6,0_31_5_0 + 0_31_5_1
29_58_14_0,0_31_13
27_58_15,0_33_14
31_56_15,0_27_14
31_57_9_0,0_28_8
31_57_16,0_28_15
31_59_10_0,0_30_9
31_60_9_0,0_31_8
31_61_4_0,0_32_3
31_61_6_0,0_32_5
31_61_8_0,0_32_7
35_61_16,0_28_15
35_62_8_0,0_29_7
31_61_14_0,0_32_13
31_61_15,0_32_14
31_62_3,0_33_2
31_62_4_1,0_33_3
31_62_5_0,0_33_4_1
31_62_5_1,0_33_4_0
31_62_8_0,0_33_7
31_62_10_0,0_33_9
19_52_18,0_35_17
31_62_15_0,0_33_14
31_63_3,0_34_2
31_63_4,0_34_3
31_63_6_0,0_34_5
31_63_7_0,0_34_6
31_63_8_0,0_34_7
31_63_9_0,0_34_8
31_63_16_0,0_34_15
31_64_5_0,0_35_4
31_64_6_0,0_35_5
31_64_7_1,0_35_6
29_58_15,0_31_14
29_59_3,0_32_2
29_59_7_1,0_32_6
29_59_11_0,0_32_10
35_64_12,0_31_11
35_65_8_0,0_32_7
35_65_11_0,0_32_10
35_66_5,0_33_4_1
35_67_4,0_34_3
35_67_6_0,0_34_5
35_67_8_0,0_34_7
19_52_19,0_35_18
35_67_12_0,0_34_11
35_68_5_0,0_35_4
35_68_11_0,0_35_10
35_71_8,0_38_7
35_72_7,0_39_6
35_73_5,0_40_4_0
35_73_6_0,0_40_5_0
35_73_6_1,0_40_5_1
35_74_5,0_41_4
37_36_2,0_1_1
37_37_3_0,0_2_2
37_42_3,0_7_2
37_43_3,0_8_2
37_43_4,0_8_3
37_44_4_0,0_9_3_1
19_53_10,0_36_9
29_59_15,0_32_14
29_59_16_0,0_32_15
29_60_4,0_33_3
29_60_8_0,0_33_7
27_58_16,0_33_15
29_60_10_0,0_33_9
27_58_17_0,0_33_16
27_59_4,0_34_3
27_59_6_1,0_34_5
27_59_8,0_34_7
19_53_20_0,0_36_19
27_59_12_0,0_34_11
27_59_16_0,0_34_15
17_68_11_0,0_53_10
17_69_7_2,0_54_6
17_69_9_1,0_54_8
17_70_8_0,0_55_7
19_20_3,0_3_2
19_21_4,0_4_3
19_26_4,0_9_3_0
19_26_5,0_9_4
19_27_4,0_10_3
19_27_5,0_10_4
19_28_6,0_11_5
19_28_7,0_11_6
19_29_8_0,0_12_7
19_34_7,0_17_6
19_34_8_0,0_17_7
19_34_9_0,0_17_8
19_35_4,0_18_3
19_54_12_0,0_37_11
29_60_17,0_33_16
27_64_10_0,0_39_9_0
27_65_4,0_40_3
27_65_5_0,0_40_4_0 + 0_40_4_2
27_65_5_1,0_40_4_2
27_65_6_0,0_40_5_0
27_65_6_1,0_40_5_1
27_65_8_0,0_40_7
27_65_12_0,0_40_11
27_66_5,0_41_4
27_66_6_0,0_41_5
27_66_7_0,0_41_6_0
29_60_18_0,0_33_17
27_66_11_0,0_41_10_0
29_61_6_2,0_34_5
27_66_11_1,0_41_10_1
27_67_6_0,0_42_5
27_67_7_0,0_42_6
29_61_9_0,0_34_8
27_59_17,0_34_16
27_60_5,0_35_4
27_60_11_0,0_35_10
17_47_17_1,0_32_16
17_48_4_0,0_33_3
17_48_5_0,0_33_4_1
17_48_8_0,0_33_7
17_48_13,0_33_12
13_65_11_1,0_54_10
17_48_17_0,0_33_16
17_48_18,0_33_17
17_49_3,0_34_2
17_49_7_0,0_34_6
17_49_9_1,0_34_8
17_49_12,0_34_11
13_65_12_0,0_54_11
31_64_14_0,0_35_13
31_65_6_1,0_36_5
31_65_10_0,0_36_9
31_65_13_0,0_36_12
31_66_4,0_37_3
31_66_7_1,0_37_6
31_66_8_0,0_37_7
31_66_9,0_37_8
31_67_7_0,0_38_6_0
31_67_8_0,0_38_7
31_68_6_0,0_39_5_1
31_68_7_0,0_39_6
31_68_8_0,0_39_7
31_68_10_0,0_39_9_0
31_69_4,0_40_3
31_69_5_0,0_40_4_2
31_69_5_2,0_40_4_1
31_69_6_0,0_40_5_0
31_69_8_1,0_40_7
31_70_4_1,0_41_3
31_70_5_0,0_41_4
31_70_6_0,0_41_5
31_70_7_0,0_41_6_0
31_71_6_2,0_42_5
31_71_7_0,0_42_6
17_63_16_0,0_48_15
17_64_6_3,0_49_5
29_61_16,0_34_15
29_62_5_2,0_35_4
29_62_7_0,0_35_6
27_60_18_0,0_35_17
13_65_13_0,0_54_12
13_66_8_0,0_55_7
17_49_19,0_34_18
17_50_6_0,0_35_5
17_50_8_1,0_35_7
21_47_16_1,0_28_15
13_66_8_2,0_55_7
21_48_11,0_29_10
21_49_3,0_30_2
21_49_10,0_30_9
21_50_4_0,0_31_3
29_62_11_0,0_35_10
29_63_6_0,0_36_5
29_63_7_0,0_36_6
29_63_10_0,0_36_9
29_64_4_1,0_37_3
29_64_6_0,0_37_5
29_64_8_0,0_37_7
29_64_9_0,0_37_8
13_66_11_3,0_55_10
27_60_19,0_35_18
31_71_8_1,0_42_7
33_32_2_0,0_1_1
33_33_3_0,0_2_2
33_34_2_0,0_3_1
33_37_3_0,0_6_2
33_38_2_0,0_7_1
33_39_3_0,0_8_2
33_39_4_0,0_8_3
33_40_4_0,0_9_3_1
33_40_5_0,0_9_4
33_40_6_0,0_9_5
33_41_7_0,0_10_6
33_42_6_0,0_11_5
33_45_3_0,0_14_2
33_45_5_0,0_14_4
33_46_2,0_15_1
33_46_6_0,0_15_5
33_47_3_0,0_16_2
33_47_7_0,0_16_6
33_47_8_0,0_16_7
33_48_4_0,0_17_3
33_48_5_0,0_17_4
33_48_9_0,0_17_8
33_48_10,0_17_9
33_49_3_0,0_18_2
33_49_5_1,0_18_4
33_49_11_0,0_18_10
33_50_4_1,0_19_3
33_50_10_0,0_19_9
33_51_5_1,0_20_4
17_50_18_0,0_35_17
17_51_7_1,0_36_6
21_50_14,0_31_13
27_61_10_0,0_36_9
27_62_12_0,0_37_11
27_63_7_1,0_38_6_0
27_63_8_0,0_38_7
27_63_11_0,0_38_10
27_64_6_1,0_39_5_1
27_64_7_0,0_39_6
27_64_8_0,0_39_7
13_66_12_0,0_55_11_1
21_50_15,0_31_14
21_51_3,0_32_2
21_51_7_1,0_32_6
21_51_11,0_32_10
21_51_15_0,0_32_14
13_66_13,0_55_12_1
21_51_16_0,0_32_15
21_52_4_0,0_33_3
21_52_5_0,0_33_4_1
21_52_8_0,0_33_7
21_52_10,0_33_9
13_67_10_0,0_56_9
21_52_17,0_33_16
3_39_17,0_38_16
3_40_10_0,0_39_9_0
3_40_10_1,0_39_9_1
21_52_18,0_33_17
3_40_13,0_39_12
17_51_13,0_36_12
17_52_4_0,0_37_3
17_52_6_1,0_37_5
17_52_8_0,0_37_7
17_52_9_0,0_37_8
17_52_12,0_37_11
17_53_3,0_38_2
17_53_5_3,0_38_4
17_53_7_0,0_38_6_0
17_53_7_2,0_38_6_1
13_67_11_0,0_56_10_0
17_64_10_1,0_49_9_1 + 0_49_9_0
17_64_12,0_49_11
23_47_14,0_26_13
17_64_15_0,0_49_14_1
17_65_5_2,0_50_4
17_65_7_2,0_50_6_1
13_69_10,0_58_9
17_65_11_0,0_50_10
13_73_6,0_62_5_0
15_15_2,0_2_1
15_15_3,0_2_2
15_16_2,0_3_1
15_16_3,0_3_2
15_17_4_0,0_4_3
15_19_3_0,0_6_2
15_22_3,0_9_2
15_22_4_0,0_9_3_1
15_23_4_0,0_10_3
15_23_5_0,0_10_4
15_23_7,0_10_6
15_24_6,0_11_5
15_24_7,0_11_6
15_25_8_0,0_12_7
15_29_6,0_16_5
15_29_7_0,0_16_6
15_30_3,0_17_2
15_30_4_1,0_17_3
15_30_7_0,0_17_6
15_31_3,0_18_2
15_31_4,0_18_3
15_31_5_0,0_18_4
15_31_8_0,0_18_7
15_31_9_0,0_18_8
15_31_10_1,0_18_9
15_31_11,0_18_10
15_32_4_1,0_19_3
15_32_5,0_19_4
15_32_6_0,0_19_5
15_32_10,0_19_9
15_32_11,0_19_10
15_33_4_1,0_20_3
15_33_12_0,0_20_11
15_34_4,0_21_3
15_34_6_0,0_21_5
15_35_5_0,0_22_4
15_35_6,0_22_5
15_36_5_1,0_23_4_0 + 0_23_4_1
15_36_6_0,0_23_5
15_37_5,0_24_4
15_37_6_1,0_24_5
15_37_10_0,0_24_9
15_37_11_0,0_24_10
15_38_6_0,0_25_5
15_38_9_0,0_25_8
15_38_11_0,0_25_10
15_39_7_0,0_26_6
15_39_12_0,0_26_11
15_39_13_0,0_26_12
17_65_14_0,0_50_13
17_66_6_2,0_51_5
17_66_9_0,0_51_8
17_66_10_0,0_51_9
15_39_15,0_26_14
15_40_10_0,0_27_9
15_40_14,0_27_13
15_40_15,0_27_14
15_41_9,0_28_8
15_41_16_0,0_28_15
15_43_10,0_30_9
15_44_4,0_31_3
15_44_9,0_31_8
15_45_4,0_32_3
15_45_5_1,0_32_4
15_45_6_0,0_32_5
15_45_8,0_32_7
15_45_14,0_32_13
15_45_15_0,0_32_14
15_46_5_0,0_33_4_1
15_46_5_1,0_33_4_0
21_53_16_0,0_34_15
17_66_13,0_51_12
17_67_6_2,0_52_5
17_67_7_0,0_52_6
17_67_7_1,0_52_6
15_46_7_1,0_33_6
15_46_8_0,0_33_7
21_53_19_0,0_34_18
21_54_7,0_35_6
21_54_11_0,0_35_10
29_64_15_0,0_37_14
29_65_3,0_38_2
29_65_4_0,0_38_3
29_65_7_0,0_38_6_0
29_65_7_1,0_38_6_1 + 0_38_6_0
29_65_8_0,0_38_7
29_65_11_0,0_38_10
17_60_4,0_45_3
17_60_6_0,0_45_5_0
17_60_6_2,0_45_5_1 + 0_45_5_0
17_60_10_0,0_45_9
17_60_13_0,0_45_12
49_63_9_2,0_16_8
49_64_4_0,0_17_3
49_64_5_0,0_17_4
49_64_9_0,0_17_8
49_64_10_0,0_17_9
49_65_3_0,0_18_2
49_65_5_1,0_18_4
49_65_11_0,0_18_10
49_66_4_1,0_19_3
49_66_10_0,0_19_9
49_67_5_1,0_20_4
49_68_4_0,0_21_3
49_68_6_0,0_21_5
49_69_5_1,0_22_4
49_69_9_0,0_22_8
49_70_5_0,0_23_4_1
49_70_6_1,0_23_5
49_70_8_0,0_23_7
49_71_6_0,0_24_5
51_52_3,0_3_2
51_53_4,0_4_3
51_58_4,0_9_3_0
51_58_5,0_9_4
51_59_4,0_10_3
51_59_5,0_10_4
51_60_6,0_11_5
51_60_7_0,0_11_6
51_61_8_0,0_12_7
51_66_7_0,0_17_6
51_66_8_0,0_17_7
51_66_9,0_17_8
51_67_4,0_18_3
51_67_8_0,0_18_7
51_67_9_0,0_18_8
51_68_5_0,0_19_4
51_68_10_0,0_19_9
51_68_11_0,0_19_10
51_70_7_0,0_21_6
51_72_5,0_23_4_0 + 0_23_4_1
51_72_6,0_23_5
51_73_5,0_24_4
51_73_6,0_24_5
53_52_2,0_1_1
53_53_3,0_2_2
53_58_3,0_7_2
53_59_3,0_8_2
53_59_4,0_8_3
53_60_4,0_9_3_1
53_60_5,0_9_4
53_60_6,0_9_5
53_61_4_1,0_10_3
53_61_7_0,0_10_6
29_65_14_0,0_38_13
29_66_4,0_39_3
29_66_5,0_39_4_1
29_66_6_0,0_39_5_1
29_66_7_0,0_39_6
29_66_8_0,0_39_7
29_66_10_0,0_39_9_1
29_66_10_1,0_39_9_0 + 0_39_9_1
29_67_5_0,0_40_4_2
29_67_5_1,0_40_4_1
29_67_6_0,0_40_5_1
29_67_7_0,0_40_6
29_67_8_0,0_40_7
29_67_9_0,0_40_8
29_67_11_0,0_40_10
29_68_4_1,0_41_3
29_68_5_0,0_41_4
29_68_7_1,0_41_6_0
29_68_8_0,0_41_7
29_68_11_0,0_41_10_1
29_69_6_1,0_42_5
29_69_10_0,0_42_9
29_72_4,0_45_3
29_72_6_0,0_45_5_0
31_31_2,0_2_1
31_31_3_1,0_2_2
31_32_2,0_3_1
31_32_3,0_3_2
31_33_4_0,0_4_3
31_35_3,0_6_2
17_55_6_0,0_40_5_1
17_55_7_1,0_40_6
17_55_9_1,0_40_8
17_55_11_0,0_40_10
17_55_12_0,0_40_11
15_67_11_1,0_54_10
15_68_8_3,0_55_7
15_68_11_0,0_55_10
23_47_15,0_26_14
15_69_8_0,0_56_7
7_47_22,0_42_21
17_55_19,0_40_18
23_48_10,0_27_9
23_48_14_0,0_27_13
23_48_15_0,0_27_14
23_49_9,0_28_8
7_47_23,0_42_22
15_69_8_3,0_56_7
7_48_9_0,0_43_8
7_48_12_0,0_43_11
7_48_15,0_43_14
23_49_16,0_28_15
23_51_10,0_30_9
53_63_8_1,0_12_7
53_66_6_0,0_15_5
53_66_7_0,0_15_6
53_67_3,0_16_2
53_67_7_0,0_16_6
53_67_8_0,0_16_7
53_68_4_0,0_17_3
53_68_9_0,0_17_8
23_52_9,0_31_8
53_68_10_0,0_17_9
23_53_4,0_32_3
53_69_8_0,0_18_7
53_70_5_1,0_19_4
23_53_6_0,0_32_5
53_70_6_0,0_19_5
53_71_4,0_20_3
53_72_4,0_21_3
53_72_6_0,0_21_5
53_72_7,0_21_6
53_73_4,0_22_3
53_73_5_1,0_22_4
53_73_6_1,0_22_5
53_74_5_0,0_23_4_1
53_74_5_1,0_23_4_0
55_56_3,0_3_2
55_57_4,0_4_3
55_59_3,0_6_2
55_62_4_0,0_9_3_1
55_63_4,0_10_3
55_63_5,0_10_4
55_63_6_1,0_10_5
55_63_7_2,0_10_6
55_64_6_0,0_11_5
55_64_7_0,0_11_6
55_65_8_0,0_12_7
55_69_6_0,0_16_5
55_69_7_0,0_16_6
55_70_3,0_17_2
55_70_4_1,0_17_3
55_70_5_0,0_17_4
55_70_7_0,0_17_6
55_71_3,0_18_2
55_71_4_0,0_18_3
55_71_5_0,0_18_4
55_71_8,0_18_7
55_72_4_0,0_19_3
55_72_5_0,0_19_4
55_72_6_0,0_19_5
55_73_4_1,0_20_3
55_74_4,0_21_3
57_56_2,0_1_1
57_57_3,0_2_2
57_58_2,0_3_1
57_61_3,0_6_2
57_63_3_0,0_8_2
57_63_4,0_8_3
57_63_5,0_8_4
57_64_4_0,0_9_3_1
57_64_5_0,0_9_4
57_64_6_0,0_9_5
57_65_7_0,0_10_6
57_66_6_0,0_11_5
57_69_3,0_14_2
57_69_5_0,0_14_4
57_70_2,0_15_1
57_70_4_0,0_15_3
57_70_6_0,0_15_5
57_71_3_0,0_16_2
57_71_7_0,0_16_6
57_71_8,0_16_7
57_72_4_0,0_17_3
57_72_5_0,0_17_4
57_73_3,0_18_2
57_73_5_1,0_18_4
57_74_4_1,0_19_3
59_60_3,0_3_2
59_61_4_0,0_4_3
59_66_3,0_9_2
59_66_4_0,0_9_3_0 + 0_9_3_1
59_66_4_1,0_9_3_1
59_66_5,0_9_4
59_67_4,0_10_3
59_67_5_0,0_10_4
59_68_6_0,0_11_5
59_68_7_0,0_11_6
59_69_8_0,0_12_7
59_71_3_0,0_14_2
59_75_4,0_18_3
61_60_2,0_1_1
61_61_3,0_2_2
61_63_4,0_4_3
61_65_3_1,0_6_2
61_66_2,0_7_1
61_66_3_0,0_7_2
61_67_3,0_8_2
61_67_4,0_8_3
61_68_4_0,0_9_3_1
61_68_5_0,0_9_4
61_68_6_0,0_9_5
61_69_4_0,0_10_3
61_69_7_0,0_10_6
61_73_3,0_14_2
61_75_3,0_16_2
63_63_2,0_2_1
63_63_3_1,0_2_2
63_64_2,0_3_1
63_64_3,0_3_2
63_65_4_0,0_4_3
63_67_3,0_6_2
63_70_3_0,0_9_2
63_70_4_0,0_9_3_1
63_71_4_0,0_10_3
63_71_5_0,0_10_4
63_72_6_0,0_11_5
63_72_7,0_11_6
65_64_2_0,0_1_1
65_65_3_0,0_2_2
65_66_2_0,0_3_1
65_69_3_0,0_6_2
65_70_2_0,0_7_1
65_71_3_0,0_8_2
65_71_4_0,0_8_3
65_72_4_0,0_9_3_1
65_72_5_0,0_9_4
65_72_6_0,0_9_5
67_68_3,0_3_2
67_69_4_0,0_4_3
67_74_4,0_9_3_0
67_74_5,0_9_4
67_75_4,0_10_3
69_68_2,0_1_1
69_69_3_0,0_2_2
69_74_3,0_7_2
69_75_3,0_8_2
69_75_4,0_8_3
71_72_3,0_3_2
71_73_4,0_4_3
71_75_3,0_6_2
73_72_2,0_1_1
73_73_3,0_2_2
73_74_2,0_3_1
75_76_3,0_3_2
77_76_2,0_1_1
17_60_16,0_45_15
17_61_5_2,0_46_4
5_34_12,0_31_11
5_34_14,0_31_13
23_53_14_0,0_32_13
5_34_15,0_31_14
5_35_8,0_32_7
23_53_15_0,0_32_14
23_54_5_0,0_33_4_1
5_35_11,0_32_10
5_35_15,0_32_14
23_54_8_0,0_33_7
23_54_10_0,0_33_9
5_35_16,0_32_15
5_35_17,0_32_16
15_69_10_0,0_56_9
5_36_8,0_33_7
15_70_9_0,0_57_8
5_36_10,0_33_9
17_16_2_0,0_1_1
17_17_3_0,0_2_2
17_18_2_0,0_3_1
17_21_3_0,0_6_2
17_22_2,0_7_1
17_23_3_0,0_8_2
17_23_4_0,0_8_3
17_24_4_0,0_9_3_1
17_24_5_0,0_9_4
17_24_6,0_9_5
17_25_7,0_10_6
17_26_6_0,0_11_5
17_29_3,0_14_2
17_29_5,0_14_4
17_30_2,0_15_1
17_30_6_0,0_15_5
17_31_3_0,0_16_2
17_31_7,0_16_6
17_31_8_0,0_16_7
17_31_9_1,0_16_8
17_32_4_0,0_17_3
17_32_5,0_17_4
17_32_9_0,0_17_8
17_32_10,0_17_9
17_33_3,0_18_2
17_33_5_1,0_18_4
17_33_11,0_18_10
17_34_4_1,0_19_3
17_34_10_0,0_19_9
17_35_5_1,0_20_4
17_36_4,0_21_3
5_36_13,0_33_12
5_36_17,0_33_16
5_36_18,0_33_17
5_37_7,0_34_6
5_37_8,0_34_7
5_37_9,0_34_8
5_37_12,0_34_11
21_57_4,0_38_3
21_57_7,0_38_6_0
21_57_8_0,0_38_7
21_57_11_0,0_38_10
17_55_20_0,0_40_19
17_56_4_2,0_41_3
17_56_8_0,0_41_7
17_56_11_0,0_41_10_1
21_54_14_0,0_35_13
5_37_16,0_34_15
5_37_19,0_34_18
5_38_6,0_35_5
5_38_7,0_35_6
5_38_8,0_35_7
21_55_10,0_36_9
21_56_8,0_37_7
21_56_9_0,0_37_8
5_38_11,0_35_10
21_57_14,0_38_13
21_58_4,0_39_3
21_58_5,0_39_4_1
21_58_6,0_39_5_1
21_58_7,0_39_6
21_58_8,0_39_7
15_53_18_0,0_40_17
21_58_10_0,0_39_9_1
21_58_10_1,0_39_9_0 + 0_39_9_1
17_62_6_2,0_47_5
17_62_8_0,0_47_7_1
17_62_9_0,0_47_8_1
17_62_9_1,0_47_8_2
17_62_11_0,0_47_10
23_54_13_0,0_33_12
23_54_15_0,0_33_14
23_55_4,0_34_3
23_55_6_1,0_34_5
23_55_7_0,0_34_6
23_55_8,0_34_7
23_55_9,0_34_8
17_62_14_0,0_47_13_0
23_55_16,0_34_15
23_55_17_0,0_34_16
23_56_5_0,0_35_4
23_56_6,0_35_5
23_56_7_1,0_35_6
17_56_17,0_41_16
5_38_14,0_35_13
5_38_18,0_35_17
5_39_7,0_36_6
5_39_10,0_36_9
5_39_13,0_36_12
5_39_20,0_36_19
5_40_8,0_37_7
5_40_9,0_37_8
5_40_12,0_37_11
19_54_15_0,0_37_14
19_55_7_1,0_38_6_0
19_55_8,0_38_7
19_55_11_0,0_38_10
19_56_7,0_39_6
19_56_10_0,0_39_9_0
17_56_21_0,0_41_20
23_56_14,0_35_13
21_56_15,0_37_14
23_56_18_0,0_35_17
23_56_19_0,0_35_18
23_57_6_1,0_36_5
23_57_10_0,0_36_9
23_57_13,0_36_12
17_56_22,0_41_21
17_57_7,0_42_6
23_57_20,0_36_19
23_58_4,0_37_3
5_40_15,0_37_14
23_58_7_1,0_37_6
5_41_7,0_38_6_0
5_41_8,0_38_7
23_58_8,0_37_7
23_58_9,0_37_8
23_59_7_1,0_38_6_0
23_59_8_0,0_38_7
5_41_11_0,0_38_10
21_62_9_1,0_43_8
23_59_14,0_38_13
23_60_7_0,0_39_6
23_60_8_0,0_39_7
23_60_10_0,0_39_9_0
23_60_13_0,0_39_12
23_61_4,0_40_3
23_61_5_0,0_40_4_2
23_61_6_0,0_40_5_0
23_61_8_1,0_40_7
5_41_14,0_38_13
5_41_17,0_38_16
5_42_7,0_39_6
5_42_8_1,0_39_7
15_53_19_0,0_40_18
15_54_4_1,0_41_3
15_54_5_0,0_41_4
15_54_5_1,0_41_4
15_54_6_0,0_41_5
15_54_7_0,0_41_6_0
15_54_8_1,0_41_7
15_54_11_0,0_41_10_0
15_54_11_2,0_41_10_1
5_42_10_0,0_39_9_1
5_42_10_1,0_39_9_0 + 0_39_9_1
5_42_13,0_39_12
15_54_14_0,0_41_13
17_53_17_0,0_38_16
17_54_4_0,0_39_3
17_54_4_1,0_39_3
17_54_5_0,0_39_4_1
17_54_6_0,0_39_5_1
17_54_8_0,0_39_7
17_54_10_0,0_39_9_1
17_54_10_2,0_39_9_0
17_54_13_0,0_39_12
21_62_12_1,0_43_11
21_58_18,0_39_17
23_61_12_0,0_40_11
21_59_6_0,0_40_5_1
21_59_7_1,0_40_6
21_59_8,0_40_7
21_59_9,0_40_8
21_59_11_0,0_40_10
19_56_16_0,0_39_15
19_57_5,0_40_4_0
19_57_6_0,0_40_5_0
19_57_6_1,0_40_5_1
19_57_8_1,0_40_7
19_57_12_0,0_40_11
19_57_15_0,0_40_14
19_58_5,0_41_4
19_58_6_1,0_41_5
19_58_7,0_41_6_0
19_58_11_0,0_41_10_0
19_58_11_1,0_41_10_1
19_58_19,0_41_18
21_62_15_0,0_43_14
21_63_11_0,0_44_10
21_63_14,0_44_13
21_64_4,0_45_3
21_64_6_0,0_45_5_0
21_64_10_0,0_45_9
21_64_13,0_45_12
21_65_7_1,0_46_6
21_65_8_0,0_46_7_1
21_65_8_1,0_46_7_0
21_65_9_1,0_46_8
21_65_12_0,0_46_11
21_66_6_1,0_47_5
21_66_8_0,0_47_7_1
21_66_9_0,0_47_8_1
21_66_9_1,0_47_8_2
21_66_11_0,0_47_10
21_67_5_1,0_48_4
21_67_7,0_48_6
21_67_10_0,0_48_9
19_58_20_0,0_41_19
21_68_10_0,0_49_9_0
21_69_7_0,0_50_6_0
21_70_5,0_51_4
21_70_6,0_51_5
21_70_7_0,0_51_6
17_54_16_0,0_39_15
21_59_20_0,0_40_19
21_60_5,0_41_4
21_60_8_0,0_41_7
21_60_11_0,0_41_10_1
19_58_21_0,0_41_20
19_59_6_0,0_42_5
19_59_7_0,0_42_6
21_60_14_0,0_41_13
21_61_6_1,0_42_5
21_61_10_0,0_42_9
19_59_8_1,0_42_7
19_59_10_0,0_42_9
19_59_12_0,0_42_11
21_58_19,0_39_18
21_59_5_0,0_40_4_2
3_54_9,0_53_8
3_54_10,0_53_9
9_61_11_2,0_54_10
19_59_16_0,0_42_15
19_59_20_0,0_42_19
19_60_9_0,0_43_8
19_60_12_0,0_43_11
19_60_15_0,0_43_14
19_61_11_0,0_44_10
9_61_12_0,0_54_11
9_61_13_0,0_54_12
21_61_13_0,0_42_12
17_55_5_1,0_40_4_2
17_55_5_3,0_40_4_1
17_58_12,0_43_11
17_59_5_1,0_44_4
17_59_11_0,0_44_10
17_54_18_0,0_39_17
17_55_5_0,0_40_4_2
19_61_14_0,0_44_13
19_62_4,0_45_3
19_62_13_1,0_45_12
17_62_14_1,0_47_13_1
23_61_18,0_40_17
23_62_5_0,0_41_4
23_62_6_1,0_41_5
23_62_7_0,0_41_6_0
23_62_7_1,0_41_6_1
23_62_8_2,0_41_7
23_62_11_0,0_41_10_0
23_62_11_2,0_41_10_1
23_62_14_0,0_41_13
23_63_7_0,0_42_6
23_63_8_0,0_42_7
23_63_10_0,0_42_9
23_63_12,0_42_11
23_63_13,0_42_12
23_64_9_0,0_43_8
23_64_12,0_43_11
23_65_11_0,0_44_10
23_65_14_0,0_44_13
23_66_13,0_45_12
23_67_6_1,0_46_5
23_67_12_0,0_46_11
23_68_6,0_47_5
23_68_7_0,0_47_6
23_68_8_0,0_47_7_1
23_68_8_1,0_47_7_0
23_68_9_0,0_47_8_0
23_68_9_1,0_47_8_1
23_68_11_0,0_47_10
23_69_6_0,0_48_5
23_69_7_1,0_48_6
23_69_8_0,0_48_7_0
5_42_16,0_39_15
23_69_8_2,0_48_7_1
23_69_9_0,0_48_8_0
23_69_9_2,0_48_8_1
9_61_16,0_54_15
9_62_8_0,0_55_7
9_62_12_1,0_55_11_1
23_69_10_2,0_48_9
23_70_6_0,0_49_5
23_71_5,0_50_4
23_71_7_0,0_50_6_0
23_71_7_1,0_50_6_1
23_72_5,0_51_4
23_72_7_1,0_51_6
23_73_6_1,0_52_5
25_24_2,0_1_1
25_25_3,0_2_2
25_26_2,0_3_1
25_29_3,0_6_2
25_31_3_0,0_8_2
25_31_4,0_8_3
25_31_5_1,0_8_4
25_32_4_0,0_9_3_1
25_32_5,0_9_4
25_32_6_0,0_9_5
25_33_7_0,0_10_6
25_34_6_0,0_11_5
25_37_3,0_14_2
25_37_5_0,0_14_4
25_38_2,0_15_1
25_38_4_0,0_15_3
25_38_6_0,0_15_5
25_39_3_0,0_16_2
25_39_7_0,0_16_6
25_39_8,0_16_7
25_40_4_0,0_17_3
25_40_5_0,0_17_4
25_40_9,0_17_8
25_40_10_0,0_17_9
25_41_3_0,0_18_2
25_41_5_1,0_18_4
25_41_11_0,0_18_10
25_42_4_1,0_19_3
25_42_10,0_19_9
25_43_5_1,0_20_4
25_44_4_0,0_21_3
25_44_6_0,0_21_5
25_45_4_0,0_22_3
25_45_5_0,0_22_4
25_45_9_0,0_22_8
25_46_5_0,0_23_4_1
25_46_6_1,0_23_5
25_46_10_0,0_23_9
25_47_6_0,0_24_5
25_47_11,0_24_10
25_47_12,0_24_11
21_59_19_0,0_40_18
5_42_18,0_39_17
9_62_13_0,0_55_12_1
25_47_13_1,0_24_12
25_48_9_0,0_25_8
25_48_13,0_25_12
25_48_14_0,0_25_13
25_49_7,0_26_6
25_49_8,0_26_7
25_49_15_0,0_26_14
25_50_14,0_27_13
25_51_9_0,0_28_8
25_52_8_0,0_29_7
25_53_3,0_30_2
25_53_13_0,0_30_12
25_54_4_0,0_31_3
25_54_6_0,0_31_5_1
25_54_9_0,0_31_8
3_50_18,0_49_17
19_62_16_0,0_45_15
19_63_12,0_46_11
25_54_12_0,0_31_11
25_54_14_0,0_31_13
25_55_3,0_32_2
25_55_7_1,0_32_6
25_55_8,0_32_7
3_54_11_1,0_53_10
3_54_12,0_53_11
3_54_14,0_53_13
3_54_15,0_53_14
3_54_17,0_53_16
25_55_15,0_32_14
25_55_16,0_32_15
25_56_4_0,0_33_3
25_56_8,0_33_7
25_56_13_0,0_33_12
25_56_17,0_33_16
9_62_15_0,0_55_14
25_56_18_0,0_33_17
25_57_3,0_34_2
25_57_7,0_34_6
25_57_9_0,0_34_8
25_57_12_0,0_34_11
25_57_19_0,0_34_18
25_58_6,0_35_5
9_63_10_0,0_56_9
25_58_8_1,0_35_7
9_63_11_1,0_56_10_0
25_58_18,0_35_17
25_59_7_1,0_36_6
25_59_13_0,0_36_12
25_60_4,0_37_3
25_60_8_0,0_37_7
25_60_9_0,0_37_8
25_60_12_0,0_37_11
25_61_7_0,0_38_6_0
25_61_7_4,0_38_6_1
25_61_11_0,0_38_10
5_42_19,0_39_18
5_43_8_1,0_40_7
5_43_9,0_40_8
5_43_11,0_40_10
5_43_12,0_40_11
5_43_15,0_40_14
5_43_19,0_40_18
5_43_20,0_40_19
5_43_21,0_40_20
5_44_11,0_41_10_1
5_44_14,0_41_13
3_49_13,0_48_12
3_49_14,0_48_13
3_49_15,0_48_14
5_44_17,0_41_16
5_44_21,0_41_20
3_49_16,0_48_15
5_44_22,0_41_21
5_45_10,0_42_9
5_45_12,0_42_11
3_40_16,0_39_15
3_40_18,0_39_17
3_40_19,0_39_18
3_41_10,0_40_9
3_41_11,0_40_10
3_41_12,0_40_11
9_63_11_2,0_56_10_1
3_41_15,0_40_14
3_41_18,0_40_17
3_41_19,0_40_18
3_41_20,0_40_19
9_63_14_1,0_56_13
3_41_21,0_40_20
3_42_11_0,0_41_10_0
3_42_11_1,0_41_10_1
3_42_14,0_41_13
9_64_9,0_57_8
5_45_13,0_42_12
5_45_16,0_42_15
3_42_17,0_41_16
9_64_12_1,0_57_11
3_42_19,0_41_18
9_64_13,0_57_12
3_42_20,0_41_19
9_64_14_1,0_57_13_0
9_66_11_0,0_59_10
9_67_8_0,0_60_7
3_49_19,0_48_18
3_42_21,0_41_20
3_42_22,0_41_21
3_43_10,0_42_9
3_43_12,0_42_11
3_43_13,0_42_12
3_43_16,0_42_15
3_43_20,0_42_19
3_43_21,0_42_20
3_43_22,0_42_21
3_43_23,0_42_22
3_44_10,0_43_9
3_44_12,0_43_11
3_44_15,0_43_14
3_44_18,0_43_17
25_61_17_0,0_38_16
25_62_4_0,0_39_3
25_62_5_0,0_39_4_1
25_62_6_0,0_39_5_1
25_62_6_2,0_39_5_0
25_62_8_0,0_39_7
25_62_10_0,0_39_9_1
25_62_10_3,0_39_9_0
25_62_13_0,0_39_12
25_63_5_0,0_40_4_2
15_55_13,0_42_12
15_55_20_0,0_42_19
15_55_21_0,0_42_20
19_63_15_0,0_46_14
19_64_8_2,0_47_7_1
19_64_11,0_47_10
11_62_7_0,0_53_6
11_62_8_1,0_53_7
11_62_14,0_53_13
11_62_17,0_53_16
11_63_6_1,0_54_5
11_63_9_0,0_54_8
11_63_10_1,0_54_9
11_63_13,0_54_12
11_63_16_0,0_54_15
11_64_7_3,0_55_6
11_64_8_0,0_55_7
11_64_8_2,0_55_7
11_64_11,0_55_10
11_64_15_0,0_55_14
11_65_8_1,0_56_7
11_65_8_2,0_56_7
11_65_13_0,0_56_12
11_65_14_0,0_56_13
11_66_9_0,0_57_8
11_66_10_0,0_57_9
11_66_11_1,0_57_10
11_66_12_2,0_57_11
11_66_13,0_57_12
11_67_10_1,0_58_9
11_67_11_0,0_58_10
13_12_2,0_1_1
13_13_3,0_2_2
13_15_4,0_4_3
13_17_3,0_6_2
13_18_2,0_7_1
13_18_3_0,0_7_2
13_19_3_0,0_8_2
13_19_4,0_8_3
13_20_4_0,0_9_3_1
13_20_5_0,0_9_4
13_20_6_0,0_9_5
13_21_4,0_10_3
13_21_7,0_10_6
13_23_8,0_12_7
13_25_3,0_14_2
13_26_6_0,0_15_5
13_26_7_0,0_15_6
13_27_3,0_16_2
13_27_7,0_16_6
13_27_8,0_16_7
13_28_4,0_17_3
13_28_9_0,0_17_8
13_28_10_0,0_17_9
13_29_8_0,0_18_7
13_29_11,0_18_10
13_30_5,0_19_4
13_30_6,0_19_5
13_31_12,0_20_11
13_32_4,0_21_3
13_32_6_0,0_21_5
13_32_7_0,0_21_6
13_33_4,0_22_3
13_33_5_1,0_22_4
13_33_6_1,0_22_5
13_34_5_0,0_23_4_1
13_34_5_1,0_23_4_0
13_34_10_0,0_23_9
13_34_11_0,0_23_10
13_35_6,0_24_5
13_35_7_0,0_24_6
13_35_11,0_24_10
13_35_12,0_24_11
13_36_13_0,0_25_12
13_36_14_0,0_25_13
13_37_7_0,0_26_6
13_37_12_0,0_26_11
13_37_15,0_26_14
13_38_7_0,0_27_6
13_38_10,0_27_9
13_39_16,0_28_15
13_40_11_0,0_29_10
13_41_3,0_30_2
13_41_7,0_30_6
13_41_10_0,0_30_9
13_42_4,0_31_3
13_42_6,0_31_5_0 + 0_31_5_1
13_42_14_0,0_31_13
13_42_15_0,0_31_14
13_43_7_1,0_32_6
13_43_11_0,0_32_10
13_43_15,0_32_14
13_43_16,0_32_15
13_44_5,0_33_4_1
13_44_8,0_33_7
13_44_10_0,0_33_9
13_44_17_0,0_33_16
13_44_18_0,0_33_17
13_45_6,0_34_5
13_45_9_0,0_34_8
13_45_16_0,0_34_15
13_45_19,0_34_18
13_46_6,0_35_5
13_46_7_0,0_35_6
17_62_17_0,0_47_16
13_46_8_0,0_35_7
13_46_11_0,0_35_10
13_46_14,0_35_13
13_47_6_0,0_36_5
13_47_7_0,0_36_6
13_47_10_0,0_36_9
13_47_20,0_36_19
13_48_6_0,0_37_5
13_48_8_0,0_37_7
13_48_9_0,0_37_8
5_61_18,0_58_17
5_62_11_1,0_59_10
13_48_15_0,0_37_14
13_49_4,0_38_3
13_49_5_1,0_38_4
13_49_7_0,0_38_6_0
13_49_7_1,0_38_6_1 + 0_38_6_0
13_49_8_0,0_38_7
13_49_11_0,0_38_10
13_49_14_0,0_38_13
13_50_4_0,0_39_3
13_50_5,0_39_4_1
13_50_6_0,0_39_5_1
13_50_6_1,0_39_5_1
13_50_7,0_39_6
13_50_8,0_39_7
13_50_10_0,0_39_9_1
13_50_10_1,0_39_9_0 + 0_39_9_1
13_50_18_0,0_39_17
13_50_19_0,0_39_18
13_51_5_0,0_40_4_2
13_51_5_1,0_40_4_2
13_51_5_2,0_40_4_1
13_51_6_0,0_40_5_1
13_51_7_0,0_40_6
13_51_8_0,0_40_7
13_51_9_0,0_40_8
13_51_11,0_40_10
5_62_14,0_59_13
5_62_17,0_59_16
5_63_8_3,0_60_7
5_63_12_0,0_60_11
3_49_22,0_48_21
3_49_23,0_48_22
3_49_24,0_48_23
5_63_13_0,0_60_12_1
9_67_10_2,0_60_9
9_67_12_0,0_60_11
9_68_5,0_61_4
9_68_10_2,0_61_9_1
9_69_6_0,0_62_5_0
9_69_6_2,0_62_5_1
9_69_7_3,0_62_6
9_69_9_0,0_62_8_1
9_69_9_2,0_62_8_2
9_70_7_1,0_63_6_1
9_70_8_4,0_63_7_0
9_71_6_1,0_64_5
9_71_8_3,0_64_7_1
9_71_8_4,0_64_7_1
9_72_7_2,0_65_6
11_12_3,0_3_2
11_13_4,0_4_3
11_18_3,0_9_2
11_18_4_0,0_9_3_0 + 0_9_3_1
11_18_4_2,0_9_3_1
11_18_5_0,0_9_4
11_19_4,0_10_3
11_19_5,0_10_4
11_20_6_0,0_11_5
11_20_7,0_11_6
11_21_8,0_12_7
11_23_3,0_14_2
11_26_7_0,0_17_6
11_26_8_0,0_17_7
11_26_9_0,0_17_8
11_27_4,0_18_3
11_27_8,0_18_7
11_27_9,0_18_8
11_28_5,0_19_4
11_28_10_0,0_19_9
11_28_11,0_19_10
11_29_12,0_20_11
11_30_4,0_21_3
11_30_7,0_21_6
11_31_5,0_22_4
11_32_6,0_23_5
11_32_8_0,0_23_7
11_33_5,0_24_4
11_33_6,0_24_5
11_33_7_1,0_24_6
11_34_6_0,0_25_5
11_34_11_0,0_25_10
11_34_12_0,0_25_11
11_34_13_0,0_25_12
11_35_7_0,0_26_6
11_35_8_0,0_26_7
11_35_12,0_26_11
11_35_13,0_26_12
11_36_7,0_27_6
11_36_14_0,0_27_13
11_36_15,0_27_14
11_37_16,0_28_15
11_38_8_0,0_29_7
11_38_11,0_29_10
11_40_12_0,0_31_11
11_41_4,0_32_3
11_41_8,0_32_7
11_41_11_0,0_32_10
11_42_5,0_33_4_1
11_42_7_1,0_33_6
11_42_8_1,0_33_7
11_42_15_0,0_33_14
11_42_16_0,0_33_15
11_42_17_0,0_33_16
11_43_6,0_34_5
11_43_8,0_34_7
11_43_12_0,0_34_11
11_43_16,0_34_15
11_43_17,0_34_16
11_44_11,0_35_10
11_44_18_0,0_35_17
11_44_19,0_35_18
11_45_10,0_36_9
11_45_20,0_36_19
11_46_8,0_37_7
11_46_9,0_37_8
11_46_12_0,0_37_11
11_46_15,0_37_14
11_47_7,0_38_6_0
11_47_8_0,0_38_7
11_47_11,0_38_10
11_48_5,0_39_4_0
11_48_6,0_39_5_1
11_48_7_0,0_39_6
11_48_8_0,0_39_7
11_48_10,0_39_9_0
3_49_25,0_48_24
3_50_10_0,0_49_9_0
3_50_10_1,0_49_9_1
3_50_12,0_49_11
3_50_13,0_49_12
3_50_15_0,0_49_14_0
3_50_15_1,0_49_14_1
9_8_2_0,0_1_1
9_9_3_0,0_2_2
9_10_2,0_3_1
9_13_3,0_6_2
9_14_2,0_7_1
9_15_3,0_8_2
9_15_4,0_8_3
9_15_5_1,0_8_4
9_16_4,0_9_3_1
9_16_5,0_9_4
9_16_6_0,0_9_5
9_17_4,0_10_3
9_17_7_0,0_10_6
9_18_6,0_11_5
9_21_3,0_14_2
9_21_5_0,0_14_4
9_22_4_0,0_15_3
9_22_6_0,0_15_5
9_23_3,0_16_2
9_23_7,0_16_6
9_23_8,0_16_7
9_23_9_1,0_16_8
9_24_4_0,0_17_3
9_24_5_0,0_17_4
9_24_9,0_17_8
9_24_10_0,0_17_9
9_25_3,0_18_2
9_25_5_1,0_18_4
9_25_8,0_18_7
9_25_11_0,0_18_10
9_26_4_2,0_19_3
9_26_10,0_19_9
9_27_5_1,0_20_4
9_28_4,0_21_3
9_28_6_0,0_21_5
9_29_4,0_22_3
9_29_5_1,0_22_4
9_29_9_0,0_22_8
9_30_5_0,0_23_4_1
9_30_6,0_23_5
9_30_8,0_23_7
9_30_10_0,0_23_9
9_31_6_0,0_24_5
9_31_11,0_24_10
9_31_12,0_24_11
9_31_13_1,0_24_12
9_32_9_0,0_25_8
9_32_13,0_25_12
9_32_14_0,0_25_13
9_33_7_0,0_26_6
9_33_8,0_26_7
9_33_12,0_26_11
9_33_15_0,0_26_14
9_34_14,0_27_13
9_35_9_0,0_28_8
9_36_8,0_29_7
9_37_7_1,0_30_6
9_37_13_0,0_30_12
9_38_4,0_31_3
9_38_6_1,0_31_5_1
9_38_6_3,0_31_5_0
9_38_9_0,0_31_8
9_38_12,0_31_11
9_38_14_0,0_31_13
9_39_5_1,0_32_4
9_39_7_1,0_32_6
9_39_8,0_32_7
9_39_15,0_32_14
9_39_16,0_32_15
9_39_17_1,0_32_16
9_40_5,0_33_4_1
9_40_8_0,0_33_7
9_40_13_0,0_33_12
9_40_17,0_33_16
9_40_18_0,0_33_17
9_41_7_1,0_34_6
9_41_9,0_34_8
9_41_12,0_34_11
9_41_16,0_34_15
9_41_19_0,0_34_18
9_42_6_1,0_35_5
9_42_8_1,0_35_7
9_42_18,0_35_17
9_43_7_2,0_36_6
9_43_13_0,0_36_12
9_44_6,0_37_5
9_44_8_0,0_37_7
9_44_9,0_37_8
9_44_12,0_37_11
9_45_7_0,0_38_6_0
9_45_7_2,0_38_6_1
3_44_22,0_43_21
3_44_23,0_43_22
3_45_11,0_44_10
9_45_11,0_38_10
3_45_14,0_44_13
11_48_16_0,0_39_15
11_49_5_0,0_40_4_0 + 0_40_4_2
11_49_5_1,0_40_4_1
11_49_6_0,0_40_5_0
11_49_6_1,0_40_5_1
11_49_8,0_40_7
11_49_12,0_40_11
11_49_15_0,0_40_14
11_50_4,0_41_3
11_50_5,0_41_4
11_50_6_0,0_41_5
11_50_7_0,0_41_6_0
11_50_11_0,0_41_10_0
11_50_11_1,0_41_10_1
11_50_19_0,0_41_18
3_45_17,0_44_16
3_45_24,0_44_23
3_46_11,0_45_10
9_45_17_0,0_38_16
9_46_6,0_39_5_1
9_46_7,0_39_6
9_46_8,0_39_7
9_46_10_0,0_39_9_1
9_46_10_1,0_39_9_0
9_46_13_0,0_39_12
9_46_16,0_39_15
9_46_18_0,0_39_17
9_47_5,0_40_4_1
9_47_8_1,0_40_7
9_47_9,0_40_8
9_47_11,0_40_10
9_47_12,0_40_11
9_47_19,0_40_18
9_47_20,0_40_19
9_47_21_1,0_40_20
9_48_4,0_41_3
9_48_7_1,0_41_6_0
9_48_8_0,0_41_7
9_48_11,0_41_10_1
9_48_17_0,0_41_16
9_48_21,0_41_20
9_48_22_0,0_41_21
9_49_6,0_42_5
9_49_7,0_42_6
9_49_10,0_42_9
9_49_13,0_42_12
3_48_14_1,0_47_13_0
15_55_23,0_42_22
15_56_9_0,0_43_8
15_56_12_0,0_43_11
3_48_17,0_47_16
11_50_20_0,0_41_19
11_50_21_0,0_41_20
11_51_6_1,0_42_5
11_51_7_0,0_42_6
11_51_8_0,0_42_7
11_51_10,0_42_9
11_51_12_0,0_42_11
11_51_16_0,0_42_15
11_51_20,0_42_19
11_51_21,0_42_20
11_52_9_0,0_43_8
11_52_12,0_43_11
11_52_15,0_43_14
11_52_22_0,0_43_21
11_52_23,0_43_22
11_53_11,0_44_10
11_53_14,0_44_13
11_53_24,0_44_23
11_54_4,0_45_3
11_54_6_1,0_45_5_0
11_54_13,0_45_12
11_54_16_0,0_45_15
3_46_13,0_45_12
3_46_16,0_45_15
3_46_19,0_45_18
3_47_12,0_46_11
3_47_13,0_46_12
15_55_7_0,0_42_6
15_55_8_1,0_42_7
15_55_10,0_42_9
15_55_12_0,0_42_11
41_53_5_0,0_14_4
41_54_4,0_15_3
41_54_6_0,0_15_5
41_55_3,0_16_2
41_55_7_0,0_16_6
41_55_8,0_16_7
41_56_4_0,0_17_3
41_56_5,0_17_4
41_56_9_0,0_17_8
41_56_10_0,0_17_9
41_57_3,0_18_2
41_57_5_1,0_18_4
41_57_11_0,0_18_10
41_58_4_1,0_19_3
41_58_10,0_19_9
41_59_5_1,0_20_4
41_60_4,0_21_3
41_60_6_0,0_21_5
41_61_4_1,0_22_3
41_61_5_0,0_22_4
41_61_9_0,0_22_8
41_62_5_0,0_23_4_1
41_62_6_1,0_23_5
41_62_10_0,0_23_9
41_63_6_0,0_24_5
41_63_11_0,0_24_10
41_63_12,0_24_11
5_63_13_1,0_60_12_0
5_63_16_0,0_60_15
5_64_10,0_61_9_0
5_64_12_1,0_61_11_1
5_64_15_0,0_61_14_1
5_64_15_1,0_61_14_0
5_65_11_0,0_62_10_0
5_65_11_1,0_62_10_1
15_54_17_0,0_41_16
15_54_19_0,0_41_18
15_55_6_3,0_42_5
13_53_10_0,0_42_9
13_53_13_1,0_42_12
5_45_20,0_42_19
5_45_23,0_42_22
5_46_12,0_43_11
5_46_15,0_43_14
5_46_18,0_43_17
5_46_22,0_43_21
5_47_11,0_44_10
5_47_14,0_44_13
5_47_17,0_44_16
5_47_24,0_44_23
5_48_10,0_45_9
5_48_13,0_45_12
5_48_16,0_45_15
41_63_13,0_24_12
41_64_9_0,0_25_8
41_64_13,0_25_12
41_64_14_0,0_25_13
41_65_7_0,0_26_6
41_65_8_0,0_26_7
41_67_9_0,0_28_8
41_68_8_0,0_29_7
41_70_4_0,0_31_3
41_70_6_0,0_31_5_1
41_70_9_0,0_31_8
41_71_3,0_32_2
41_71_7_1,0_32_6
41_71_8,0_32_7
41_72_4_0,0_33_3
41_73_3,0_34_2
43_44_3,0_3_2
43_45_4_0,0_4_3
43_50_4_0,0_9_3_0 + 0_9_3_1
43_50_5,0_9_4
43_51_4,0_10_3
43_51_5_0,0_10_4
43_52_6_0,0_11_5
43_52_7,0_11_6
43_53_8,0_12_7
43_55_3,0_14_2
43_58_7_0,0_17_6
43_58_8_0,0_17_7
43_58_9,0_17_8
43_59_4,0_18_3
43_59_8,0_18_7
43_59_9,0_18_8
43_60_5,0_19_4
43_60_10_0,0_19_9
43_60_11_0,0_19_10
43_61_12_0,0_20_11
43_62_4_1,0_21_3
43_64_8_0,0_23_7
43_65_5_0,0_24_4
43_65_6_0,0_24_5
43_65_7_1,0_24_6
43_66_6_0,0_25_5
43_66_11_0,0_25_10
43_66_12_0,0_25_11
43_66_13,0_25_12
43_67_7_0,0_26_6
43_67_8_0,0_26_7
43_67_12_0,0_26_11
43_68_7_1,0_27_6
43_70_8_0,0_29_7
43_74_5,0_33_4_1
43_75_4,0_34_3
45_44_2,0_1_1
45_45_3_0,0_2_2
45_50_3,0_7_2
45_51_3,0_8_2
45_51_4,0_8_3
45_52_4,0_9_3_1
45_52_5_0,0_9_4
45_52_6_0,0_9_5
45_53_4,0_10_3
45_53_7_0,0_10_6
45_57_3,0_14_2
45_58_6_0,0_15_5
45_58_7_0,0_15_6
45_59_3,0_16_2
45_59_7,0_16_6
45_59_8,0_16_7
45_60_4,0_17_3
45_60_9_0,0_17_8
45_60_10_0,0_17_9
45_61_8_0,0_18_7
45_61_11_0,0_18_10
21_59_15,0_40_14
45_63_12,0_20_11
45_64_4_0,0_21_3
45_64_6_0,0_21_5
45_64_7_0,0_21_6
45_65_4_0,0_22_3
45_65_6_1,0_22_5
45_66_5_0,0_23_4_1
45_66_5_1,0_23_4_0
45_66_10_0,0_23_9
45_66_11_0,0_23_10
45_67_6_0,0_24_5
45_67_7_0,0_24_6
45_67_11_0,0_24_10
45_67_12_0,0_24_11
45_69_7_0,0_26_6
45_70_7_0,0_27_6
45_74_4,0_31_3
45_75_3,0_32_2
47_48_3,0_3_2
47_49_4,0_4_3
47_51_3,0_6_2
39_54_5,0_17_4
39_54_7_0,0_17_6
39_55_4,0_18_3
39_55_5,0_18_4
39_55_8,0_18_7
39_55_9,0_18_8
39_56_4,0_19_3
39_56_5,0_19_4
39_56_6,0_19_5
39_56_10_0,0_19_9
39_56_11_0,0_19_10
39_57_4_1,0_20_3
39_57_12_0,0_20_11
39_58_4,0_21_3
39_58_6_0,0_21_5
39_59_5,0_22_4
39_59_6,0_22_5
39_60_5,0_23_4_0 + 0_23_4_1
39_60_6,0_23_5
39_61_5_1,0_24_4
39_61_6_2,0_24_5
39_61_10_0,0_24_9
39_61_11_0,0_24_10
39_62_6_0,0_25_5
39_62_11_0,0_25_10
39_63_7_0,0_26_6
39_63_12,0_26_11
39_63_13,0_26_12
7_59_13_0,0_54_12
7_59_16_0,0_54_15
7_59_19,0_54_18
7_60_7_4,0_55_6
7_60_8_2,0_55_7
7_60_11_0,0_55_10
7_60_12_0,0_55_11_1
7_60_12_1,0_55_11_0
7_60_13,0_55_12_1
7_60_15_0,0_55_14
7_60_18_0,0_55_17_0
7_61_8_0,0_56_7
7_61_10_2,0_56_9
7_61_11_1,0_56_10_0
7_61_13_0,0_56_12
7_61_14_0,0_56_13
7_61_17_0,0_56_16
7_62_9_0,0_57_8
7_62_10_1,0_57_9
7_62_11_1,0_57_10
3_47_15,0_46_14
3_47_18,0_46_17
39_63_14,0_26_13
7_62_12_0,0_57_11
7_62_13_0,0_57_12
7_62_14,0_57_13_0
7_62_16_0,0_57_15
7_63_11_0,0_58_10
13_53_20_0,0_42_19
13_53_23,0_42_22
13_54_9_1,0_43_8
13_54_12_1,0_43_11
13_54_15_0,0_43_14
13_51_15_0,0_40_14
13_51_19,0_40_18
13_51_20,0_40_19
13_52_4,0_41_3
13_52_5_1,0_41_4
13_52_7_1,0_41_6_0
13_52_8_0,0_41_7
13_52_11_0,0_41_10_1
13_52_14_0,0_41_13
13_52_21_0,0_41_20
13_52_22_0,0_41_21
13_53_6_1,0_42_5
5_51_24,0_48_23
5_51_25,0_48_24
5_52_5,0_49_4
5_52_10_1,0_49_9_0
5_52_12,0_49_11
5_52_15,0_49_14_1
37_63_16_1,0_28_15
3_54_20,0_53_19
5_52_18,0_49_17
7_63_12_2,0_58_11
7_63_15_0,0_58_14
7_64_14_0,0_59_13
7_65_10,0_60_9
7_65_12_1,0_60_11
7_65_13_0,0_60_12_1
7_65_13_1,0_60_12_0
7_66_7_1,0_61_6_1
7_66_7_2,0_61_6_1 + 0_61_6_0
37_64_11,0_29_10
37_65_10_0,0_30_9
37_66_4,0_31_3
37_67_3,0_32_2
37_67_7_1,0_32_6
37_67_11_0,0_32_10
37_68_4_0,0_33_3
37_68_5_0,0_33_4_1
37_68_8_0,0_33_7
37_68_10_0,0_33_9
37_70_7_0,0_35_6
37_73_4,0_38_3
37_74_4,0_39_3
37_74_5,0_39_4_1
39_40_3,0_3_2
39_41_4_0,0_4_3
39_43_3,0_6_2
39_46_4_0,0_9_3_1
39_47_4,0_10_3
39_47_5_0,0_10_4
39_48_6_0,0_11_5
39_48_7_0,0_11_6
39_49_8,0_12_7
39_53_6,0_16_5
39_53_7_0,0_16_6
7_66_10_1,0_61_9_0 + 0_61_9_1
7_66_12_0,0_61_11_0
7_66_12_1,0_61_11_1
7_67_7_1,0_62_6
7_67_9_0,0_62_8_0
7_67_9_1,0_62_8_1
7_67_11_2,0_62_10_1 + 0_62_10_0
7_48_18,0_43_17
7_48_22_0,0_43_21
7_48_23_0,0_43_22
7_49_11_0,0_44_10
7_49_14_0,0_44_13
7_49_17,0_44_16
7_49_24_0,0_44_23
7_50_6,0_45_5_0
7_50_10,0_45_9
7_50_13_0,0_45_12
7_50_16,0_45_15
7_50_19,0_45_18
7_51_6,0_46_5
7_51_9,0_46_8
7_51_12_0,0_46_11
15_61_8_1,0_48_7_1
15_61_9_0,0_48_8_0
15_61_9_2,0_48_8_1
15_61_10_2,0_48_9
15_61_13_0,0_48_12
39_63_15_1,0_26_14
7_51_15,0_46_14
7_51_18,0_46_17
7_52_6,0_47_5
7_52_7,0_47_6
7_52_8_1,0_47_7_1
7_52_8_2,0_47_7_0
7_52_9_0,0_47_8_0
7_52_9_1,0_47_8_1
7_52_11_0,0_47_10
39_64_10_0,0_27_9
39_64_14_0,0_27_13
39_64_15_0,0_27_14
39_65_9_0,0_28_8
39_67_10_0,0_30_9
39_68_9_0,0_31_8
39_69_4,0_32_3
39_69_6_0,0_32_5
39_70_5_0,0_33_4_1
39_70_8_0,0_33_7
39_71_4,0_34_3
39_71_6_1,0_34_5
39_71_7_0,0_34_6
39_71_8,0_34_7
39_72_5_0,0_35_4
39_72_6,0_35_5
39_72_7_1,0_35_6
39_73_6_1,0_36_5
39_74_4,0_37_3
41_40_2,0_1_1
41_41_3_0,0_2_2
41_42_2,0_3_1
41_45_3_0,0_6_2
41_47_3_0,0_8_2
41_47_4,0_8_3
41_48_4_0,0_9_3_1
41_48_5_0,0_9_4
41_48_6_0,0_9_5
41_49_7,0_10_6
41_50_6_0,0_11_5
5_57_9_1,0_54_8
5_57_11_2,0_54_10
5_57_12_0,0_54_11
5_57_13,0_54_12
5_57_16,0_54_15
17_59_17,0_44_16
3_51_27,0_50_26
3_52_13,0_51_12
3_52_14,0_51_13
3_52_16,0_51_15
3_52_19,0_51_18
3_52_22,0_51_21
7_67_11_3,0_62_10_2 + 0_62_10_0
7_67_12_0,0_62_11
7_68_6_1,0_63_5_0
7_68_7_1,0_63_6_0
7_68_9_3,0_63_8_0
5_65_14_0,0_62_13_1
13_54_18,0_43_17
13_55_11_0,0_44_10
13_55_14_0,0_44_13
15_56_18_0,0_43_17
15_56_22,0_43_21
15_56_23,0_43_22
15_57_11_0,0_44_10
15_57_14,0_44_13
13_55_24,0_44_23
13_56_4,0_45_3
13_56_6_0,0_45_5_0
13_56_10_0,0_45_9
13_56_13_0,0_45_12
15_57_17,0_44_16
15_58_13,0_45_12
15_59_6,0_46_5
15_59_12_0,0_46_11
5_65_14_1,0_62_13_0
5_66_11,0_63_10_1
5_66_12,0_63_11
15_59_18,0_46_17
15_60_6_0,0_47_5
15_60_7_1,0_47_6
15_60_8_0,0_47_7_1
15_60_9_1,0_47_8_0
15_60_9_3,0_47_8_1
15_60_11_0,0_47_10
3_47_21,0_46_20
3_48_9,0_47_8_1
3_48_11,0_47_10
3_48_12,0_47_11
5_48_19,0_45_18
5_49_8,0_46_7_1
5_49_9,0_46_8
5_49_12,0_46_11
7_68_11_0,0_63_10_1
7_68_11_2,0_63_10_0
7_69_6,0_64_5
7_69_7_0,0_64_6_1
7_69_7_1,0_64_6_0
7_69_8_2,0_64_7_1
7_69_10_1,0_64_9_1
7_70_7_3,0_65_6
7_70_8_1,0_65_7_1
7_70_8_2,0_65_7_0
7_70_9_1,0_65_8_0
7_70_9_2,0_65_8_0
7_71_7_2,0_66_6_0
7_71_8_5,0_66_7_0
9_55_10_1,0_48_9
9_55_13,0_48_12
9_55_15,0_48_14
9_55_16,0_48_15
9_55_23,0_48_22
9_55_24,0_48_23
9_56_5_1,0_49_4
9_56_6_1,0_49_5
9_56_10_2,0_49_9_1
9_56_12_0,0_49_11
9_56_15,0_49_14_1
5_49_15_0,0_46_14
3_52_26,0_51_25
3_52_27,0_51_26
3_53_8,0_52_7
3_53_9,0_52_8_0
3_53_12,0_52_11
3_53_13,0_52_12
3_53_15,0_52_14
3_53_18,0_52_17
17_57_16,0_42_15
11_57_8_0,0_48_7_0
11_57_9_0,0_48_8_0
11_57_9_1,0_48_8_1
11_57_10_1,0_48_9
11_57_13,0_48_12
11_57_16,0_48_15
11_57_19_0,0_48_18
11_58_10_0,0_49_9_0
11_58_10_1,0_49_9_1
11_58_12,0_49_11
11_58_15_0,0_49_14_0
11_58_15_1,0_49_14_1
11_59_7_1,0_50_6_0
11_59_14,0_50_13
11_59_16_0,0_50_15
11_59_20_0,0_50_19
11_60_13_0,0_51_12
11_60_16,0_51_15
9_49_16,0_42_15
9_49_20,0_42_19
9_49_23_0,0_42_22
9_50_12,0_43_11
11_60_19,0_51_18
11_61_7_0,0_52_6
11_61_8_1,0_52_7
11_61_10_0,0_52_9
11_61_12_0,0_52_11
11_61_15,0_52_14
9_50_22,0_43_21
9_51_5,0_44_4
9_51_11,0_44_10
5_49_18,0_46_17
5_49_21,0_46_20
5_50_9_0,0_47_8_1
5_50_9_1,0_47_8_2
5_50_11,0_47_10
5_50_14_0,0_47_13_0
13_56_19_0,0_45_18
13_57_7_1,0_46_6
13_57_8_0,0_46_7_1
13_57_8_1,0_46_7_0
13_57_9_2,0_46_8
13_57_12_0,0_46_11
13_57_15_0,0_46_14
9_58_13,0_51_12
9_51_17_0,0_44_16
9_52_6_0,0_45_5_0
9_52_6_1,0_45_5_1 + 0_45_5_0
9_52_7_2,0_45_6
9_52_10_0,0_45_9
9_52_13,0_45_12
9_52_16,0_45_15
9_53_5_0,0_46_4
9_53_6_2,0_46_5
9_53_7_0,0_46_6
9_53_8_0,0_46_7_1
9_53_8_3,0_46_7_0
9_53_9_1,0_46_8
9_53_12,0_46_11
9_53_15,0_46_14
13_57_18_0,0_46_17
13_58_6_2,0_47_5
13_58_8_0,0_47_7_1
13_58_9_0,0_47_8_1
13_58_9_1,0_47_8_2
13_58_11,0_47_10
13_58_14_0,0_47_13_0
3_48_20,0_47_19
3_48_22,0_47_21
5_66_13,0_63_12
5_67_6,0_64_5
5_67_8_1,0_64_7_1
3_53_21,0_52_20
3_54_6,0_53_5_0 + 0_53_5_1
7_26_6_0,0_21_5
7_26_7,0_21_6
7_27_5,0_22_4
7_27_6,0_22_5
7_28_5,0_23_4_0 + 0_23_4_1
7_28_6,0_23_5
7_28_8,0_23_7
7_29_5,0_24_4
7_29_6_2,0_24_5
7_29_7_1,0_24_6
7_29_10,0_24_9
7_29_11,0_24_10
7_30_6,0_25_5
7_30_9,0_25_8
7_30_11_0,0_25_10
7_30_12,0_25_11
7_30_13,0_25_12
7_31_7,0_26_6
7_31_8,0_26_7
7_31_12,0_26_11
7_31_13_0,0_26_12
7_31_14,0_26_13
7_31_15,0_26_14
7_32_7_1,0_27_6
7_32_10,0_27_9
7_32_14_0,0_27_13
7_32_15_0,0_27_14
7_33_9,0_28_8
7_33_16_0,0_28_15
7_34_8,0_29_7
7_34_11,0_29_10
7_35_7,0_30_6
7_35_10,0_30_9
7_36_6,0_31_5_1
7_36_9,0_31_8
7_36_12,0_31_11
7_37_6_1,0_32_5
7_37_8_1,0_32_7
7_37_11,0_32_10
7_37_14,0_32_13
7_37_15,0_32_14
7_38_5,0_33_4_1
7_38_7_2,0_33_6
7_38_8_0,0_33_7
7_38_10,0_33_9
7_38_13,0_33_12
7_38_15_0,0_33_14
7_38_16,0_33_15
7_38_17,0_33_16
7_39_6_1,0_34_5
7_39_7_0,0_34_6
7_39_8,0_34_7
7_39_9_0,0_34_8
7_39_12,0_34_11
7_39_16,0_34_15
7_39_17_0,0_34_16
7_39_18,0_34_17
7_39_19,0_34_18
7_40_6_0,0_35_5
7_40_6_1,0_35_5
7_40_7_1,0_35_6
7_40_8,0_35_7
7_40_11,0_35_10
7_40_14,0_35_13
7_40_18_0,0_35_17
7_40_19_0,0_35_18
7_41_6_1,0_36_5
7_41_10_0,0_36_9
7_41_13,0_36_12
7_41_20_0,0_36_19
7_42_7_2,0_37_6
7_42_8,0_37_7
7_42_9_0,0_37_8
7_42_12,0_37_11
7_42_15,0_37_14
7_43_7_1,0_38_6_0
7_43_8_0,0_38_7
7_43_8_1,0_38_7
7_43_11,0_38_10
7_43_14,0_38_13
7_44_7,0_39_6
7_44_8,0_39_7
7_44_10_0,0_39_9_0
7_44_13,0_39_12
7_44_16,0_39_15
7_45_8_1,0_40_7
7_45_9,0_40_8
7_45_12_0,0_40_11
7_45_15,0_40_14
7_45_18,0_40_17
7_45_19,0_40_18
7_46_7,0_41_6_0
7_46_11_0,0_41_10_0
7_46_11_1,0_41_10_1
7_46_14,0_41_13
7_46_17,0_41_16
7_46_19_0,0_41_18
7_46_20,0_41_19
7_46_21,0_41_20
7_47_6,0_42_5
7_47_10_0,0_42_9
7_47_12,0_42_11
7_47_13_0,0_42_12
7_47_16,0_42_15
7_47_20,0_42_19
7_47_21_0,0_42_20
15_61_6_1,0_48_5
15_61_7_3,0_48_6
15_61_8_0,0_48_7_0
3_48_23,0_47_22
3_49_9,0_48_8_0
3_49_10,0_48_9
3_49_11,0_48_10
7_54_15_0,0_49_14_0
7_54_15_2,0_49_14_1
7_54_18,0_49_17
5_57_19_0,0_54_18
5_67_12,0_64_11_1 + 0_64_11_0
5_68_7,0_65_6
5_68_8_1,0_65_7_0
5_68_10_2,0_65_9
5_68_11,0_65_10_2
5_69_8_0,0_66_7_0
5_69_8_2,0_66_7_1
5_69_10,0_66_9_0
5_70_9_0,0_67_8_1
5_71_7_0,0_68_6_0
5_71_8_3,0_68_7_1
7_7_2,0_2_1
7_7_3,0_2_2
7_8_2,0_3_1
7_8_3_0,0_3_2
7_9_4_0,0_4_3
7_11_3,0_6_2
7_14_3,0_9_2
7_14_4_0,0_9_3_1
7_14_4_1,0_9_3_0
7_14_5,0_9_4
7_15_4,0_10_3
7_15_5_0,0_10_4
7_15_6,0_10_5
7_15_7,0_10_6
7_16_6_0,0_11_5
7_16_7_0,0_11_6
7_17_8_0,0_12_7
7_19_3,0_14_2
7_20_4,0_15_3
7_21_6,0_16_5
7_21_7,0_16_6
7_22_5,0_17_4
7_22_7_0,0_17_6
7_22_8,0_17_7
7_22_9,0_17_8
7_23_4_0,0_18_3
7_23_5_0,0_18_4
7_23_8,0_18_7
7_23_9_0,0_18_8
7_23_10,0_18_9
7_23_11,0_18_10
7_24_4,0_19_3
7_24_5_0,0_19_4
7_24_6,0_19_5
7_24_10_0,0_19_9
7_24_11_0,0_19_10
7_25_4_1,0_20_3
7_25_12_0,0_20_11
7_26_4,0_21_3
15_60_17,0_47_16
15_61_5,0_48_4
11_62_6_1,0_53_5_1
7_53_10_2,0_48_9
7_53_13_0,0_48_12
7_53_16_1,0_48_15
7_53_19,0_48_18
3_50_21,0_49_20
3_50_23,0_49_22
3_50_24,0_49_23
3_50_25,0_49_24
3_50_26,0_49_25
3_51_12,0_50_11
3_51_14,0_50_13
3_51_16,0_50_15
3_51_17,0_50_16
5_52_21,0_49_20
5_52_25,0_49_24
5_52_26,0_49_25
5_53_7_0,0_50_6_0
5_53_7_1,0_50_6_1
5_53_11,0_50_10
5_53_14,0_50_13
5_53_16,0_50_15
5_53_17,0_50_16
5_53_20,0_50_19
9_57_5_1,0_50_4
9_57_7_1,0_50_6_1
9_57_11_0,0_50_10
9_57_14,0_50_13
9_57_17,0_50_16
9_57_20,0_50_19
9_58_6_2,0_51_5
9_58_9_1,0_51_8
9_58_10_1,0_51_9
3_51_25,0_50_24
3_51_26,0_50_25
5_55_7_0,0_52_6
5_55_8_0,0_52_7
5_55_9_1,0_52_8_0
5_55_9_2,0_52_8_1
5_55_12_0,0_52_11
5_55_15,0_52_14
5_55_18,0_52_17
5_55_21,0_52_20
5_56_6_0,0_53_5_1
5_56_6_1,0_53_5_0
5_56_7_1,0_53_6
5_56_8_2,0_53_7
5_56_9_2,0_53_8
5_56_10_0,0_53_9
5_56_11_1,0_53_10
5_56_14,0_53_13
5_56_17,0_53_16
5_56_20,0_53_19
3_51_20,0_50_19
3_51_24,0_50_23
7_54_6_0,0_49_5
7_54_10_0,0_49_9_0
7_54_10_1,0_49_9_1
7_54_12_0,0_49_11
9_56_21_0,0_49_20
5_59_10_1,0_56_9
5_59_10_2,0_56_9
5_59_11_0,0_56_10_0
5_59_11_1,0_56_10_1
5_59_14,0_56_13
5_59_17,0_56_16
5_59_19,0_56_18
5_59_20,0_56_19
5_60_9_2,0_57_8
5_60_12,0_57_11
5_60_13,0_57_12
5_60_14,0_57_13_0
5_60_16,0_57_15
5_60_19,0_57_18_1
5_61_11,0_58_10
5_61_12_1,0_58_11
5_61_15,0_58_14
13_61_14_0,0_50_13
13_59_19_0,0_48_18
13_60_6_1,0_49_5
13_60_10,0_49_9_0
13_60_12_0,0_49_11
13_60_15_0,0_49_14_1
13_60_18_0,0_49_17
13_61_7_2,0_50_6_0
13_61_11_0,0_50_10
15_62_15_2,0_49_14_1
15_63_5,0_50_4
15_63_7_1,0_50_6_0
15_63_7_2,0_50_6_1
15_63_14,0_50_13
15_63_16_0,0_50_15
15_64_5_1,0_51_4
15_64_7_2,0_51_6
15_64_9_0,0_51_8
15_64_13,0_51_12
15_65_6_2,0_52_5
15_65_7_0,0_52_6
19_70_9_0,0_53_8
19_71_6,0_54_5
19_71_8,0_54_7
19_72_7,0_55_6
21_20_2,0_1_1
21_21_3_0,0_2_2
21_26_3,0_7_2
21_27_3,0_8_2
21_27_4,0_8_3
21_28_4,0_9_3_1
21_28_5,0_9_4
21_28_6,0_9_5
21_29_4_1,0_10_3
21_29_7_0,0_10_6
21_31_8_1,0_12_7
19_66_10_0,0_49_9_0
19_66_10_1,0_49_9_1
19_66_12_0,0_49_11
19_69_8_0,0_52_7
19_69_10_0,0_52_9
19_70_7_1,0_53_6
13_59_7_1,0_48_6
13_59_10_0,0_48_9
13_59_13_0,0_48_12
13_59_15,0_48_14
13_61_17_0,0_50_16
13_62_5,0_51_4
13_62_6_0,0_51_5
13_62_9_0,0_51_8
13_62_10_0,0_51_9
13_62_13_0,0_51_12
13_62_16_1,0_51_15
5_51_8,0_48_7_1
5_51_10,0_48_9
5_51_13,0_48_12
5_51_15,0_48_14
5_51_16,0_48_15
19_65_9_0,0_48_8_0
19_65_9_1,0_48_8_1
19_65_10_1,0_48_9
19_65_13_0,0_48_12
19_65_8_0,0_48_7_0
5_50_20,0_47_19
5_51_19,0_48_18
5_51_23,0_48_22
15_62_5_2,0_49_4
15_62_6_0,0_49_5
15_62_10_0,0_49_9_0
15_62_10_1,0_49_9_1
15_62_12_0,0_49_11
15_62_15_0,0_49_14_0
7_53_22,0_48_21
5_50_22,0_47_21
5_50_23,0_47_22
5_51_7,0_48_6
13_59_5,0_48_4
5_57_7_1,0_54_6
5_57_8_1,0_54_7
5_57_6_1,0_54_5
7_53_23,0_48_22
7_54_5,0_49_4
5_58_8_0,0_55_7
5_58_12,0_55_11_1
5_58_13,0_55_12_1
5_58_15,0_55_14
5_58_18_0,0_55_17_1
9_54_9_0,0_47_8_1
9_54_9_1,0_47_8_2
9_54_11_0,0_47_10
9_54_14_0,0_47_13_0
11_56_6_3,0_47_5
11_56_8_1,0_47_7_1
11_56_11_0,0_47_10
5_58_18_1,0_55_17_0
5_58_21,0_55_20
11_55_12_0,0_46_11
11_55_15,0_46_14
11_56_6_1,0_47_5
3_63_14_0,0_62_13_1
3_63_14_1,0_62_13_0
3_63_15,0_62_14
3_63_16,0_62_15
9_53_21_0,0_46_20
9_54_6_1,0_47_5
9_54_8_0,0_47_7_1
3_64_11,0_63_10_0
3_64_12_1,0_63_11
7_53_6,0_48_5
7_53_7_2,0_48_6
7_53_8_0,0_48_7_0
7_53_8_2,0_48_7_1
7_53_9_0,0_48_8_0
7_53_9_1,0_48_8_1
3_58_13,0_57_12
3_58_14_0,0_57_13_0
3_58_14_1,0_57_13_1
3_58_16,0_57_15
3_58_17,0_57_16
3_58_19_0,0_57_18_0
3_58_19_1,0_57_18_1
3_59_11_0,0_58_10
3_59_12_1,0_58_11
3_59_13,0_58_12
3_59_15,0_58_14
3_59_16,0_58_15
3_59_18,0_58_17
3_59_20,0_58_19
3_60_11_1,0_59_10
3_60_14,0_59_13
3_60_15,0_59_14
3_60_17,0_59_16
3_60_18,0_59_17
3_61_8_1,0_60_7
3_61_12,0_60_11
3_61_13,0_60_12_0
3_61_14,0_60_13
3_61_16,0_60_15
3_61_17,0_60_16
3_62_10_2,0_61_9_0
3_62_12,0_61_11_0
3_62_15_0,0_61_14_1
3_62_15_1,0_61_14_0
3_62_16,0_61_15
3_63_9_2,0_62_8_0
3_63_11_1,0_62_10_0
3_64_13_1,0_63_12
3_64_14,0_63_13
3_65_12_0,0_64_11_0
3_65_12_1,0_64_11_1
3_56_11_0,0_55_10
3_56_12,0_55_11_0
3_56_13_0,0_55_12_1
3_56_13_1,0_55_12_0
3_56_15,0_55_14
3_56_16,0_55_15
3_56_18_0,0_55_17_0
3_56_18_1,0_55_17_1
3_66_13,0_65_12
3_68_10,0_67_9_1
3_69_7,0_68_6_0
3_69_9_1,0_68_8_0
3_70_9_1,0_69_8_2 + 0_69_8_1
3_71_8,0_70_7_0
5_4_2,0_1_1
5_5_3,0_2_2
5_6_2,0_3_1
5_7_4,0_4_3
5_9_3,0_6_2
5_10_3,0_7_2
5_11_3,0_8_2
5_11_4,0_8_3
5_11_5,0_8_4
5_12_4,0_9_3_1
5_12_5,0_9_4
5_12_6,0_9_5
5_13_4,0_10_3
5_13_7,0_10_6
5_14_6,0_11_5
5_15_8,0_12_7
5_17_5,0_14_4
5_18_6,0_15_5
5_18_7,0_15_6
5_19_7,0_16_6
5_19_8,0_16_7
5_19_9,0_16_8
5_20_5,0_17_4
5_20_9,0_17_8
5_20_10,0_17_9
5_21_5,0_18_4
5_21_8,0_18_7
5_21_11,0_18_10
5_22_4,0_19_3
5_22_6,0_19_5
5_22_10,0_19_9
5_23_4,0_20_3
5_23_5,0_20_4
5_23_12,0_20_11
5_24_6,0_21_5
5_24_7,0_21_6
5_25_4,0_22_3
5_25_5_1,0_22_4
5_25_6_1,0_22_5
5_25_9,0_22_8
5_26_5_0,0_23_4_1
5_26_5_1,0_23_4_0
5_26_6_1,0_23_5
5_26_8,0_23_7
5_26_10,0_23_9
5_26_11,0_23_10
5_27_6,0_24_5
5_27_7,0_24_6
5_27_11,0_24_10
5_27_12,0_24_11
5_27_13,0_24_12
5_28_9,0_25_8
5_28_13,0_25_12
5_28_14,0_25_13
5_29_7_1,0_26_6
5_29_8,0_26_7
5_29_12,0_26_11
5_29_15,0_26_14
5_30_7,0_27_6
5_30_10,0_27_9
5_30_14,0_27_13
5_31_9,0_28_8
5_31_16,0_28_15
5_32_8,0_29_7
5_32_11,0_29_10
5_33_10,0_30_9
5_33_13,0_30_12
5_34_9,0_31_8
5_54_7,0_51_6
5_54_9_0,0_51_8
5_54_10_0,0_51_9
5_54_13,0_51_12
5_54_16,0_51_15
3_56_21,0_55_20
3_57_8_0,0_56_7
3_57_10_1,0_56_9
3_57_13,0_56_12
3_57_14,0_56_13
3_57_15,0_56_14
3_57_17,0_56_16
3_57_18,0_56_17
3_57_19,0_56_18
3_57_20,0_56_19
3_58_9_0,0_57_8
3_58_10,0_57_9
3_55_12,0_54_11
3_55_13,0_54_12
3_55_14,0_54_13
3_55_16,0_54_15
3_55_17,0_54_16
3_55_19,0_54_18
3_55_22,0_54_21
3_56_7,0_55_6
3_56_8_1,0_55_7
3_55_8,0_54_7
3_55_9,0_54_8
3_55_10_0,0_54_9
3_48_14_0,0_47_13_1
7_57_7,0_52_6
7_57_8_1,0_52_7
7_57_9_1,0_52_8_1
7_57_10_1,0_52_9
7_57_12_0,0_52_11
7_57_15_0,0_52_14
7_57_18_0,0_52_17
7_58_14_0,0_53_13
7_58_17_0,0_53_16
7_58_20,0_53_19
7_59_6_1,0_54_5
7_59_8_0,0_54_7
7_59_9_2,0_54_8
7_59_10_3,0_54_9
7_59_11_1,0_54_10
7_55_16,0_50_15
7_55_17_0,0_50_16
7_55_20,0_50_19
7_55_24,0_50_23
7_56_5,0_51_4
7_56_7_2,0_51_6
7_56_9_0,0_51_8
7_56_10_1,0_51_9
7_56_13_0,0_51_12
7_56_16_0,0_51_15
7_56_19,0_51_18
7_52_14_0,0_47_13_1
7_52_17,0_47_16
7_52_20,0_47_19
7_53_5,0_48_4
7_57_6_2,0_52_5
7_55_5,0_50_4
7_55_7_0,0_50_6_0
7_55_7_1,0_50_6_1
7_55_11_1,0_50_10
7_55_14_0,0_50_13
7_58_7_1,0_53_6
7_58_8,0_53_7
7_58_9_1,0_53_8
7_54_24,0_49_23
7_54_25,0_49_24
7_58_6,0_53_5_1
7_54_23_0,0_49_22
9_54_22_0,0_47_21
9_55_5_1,0_48_4
9_55_6_0,0_48_5
9_55_7_2,0_48_6
9_55_8_2,0_48_7_1
7_57_21,0_52_20
19_64_14_0,0_47_13_1
5_55_6,0_52_5
11_56_20_0,0_47_19
11_57_5_1,0_48_4
9_54_17_0,0_47_16
17_61_15,0_46_14
9_60_7_3,0_53_6
9_60_8_1,0_53_7
9_60_10_2,0_53_9
9_60_11_1,0_53_10
9_60_14_0,0_53_13
9_60_17,0_53_16
9_61_7_2,0_54_6
9_61_9_1,0_54_8
9_59_8_3,0_52_7
9_59_9_1,0_52_8_1
9_59_12_0,0_52_11
9_59_15,0_52_14
9_60_6_2,0_53_5_1
9_60_6_3,0_53_5_1
9_59_6_1,0_52_5
9_59_7_0,0_52_6
15_60_14_0,0_47_13_1
5_50_14_1,0_47_13_1
5_50_17,0_47_16
13_58_14_1,0_47_13_1 + 0_47_13_0
11_56_14,0_47_13_1
11_54_19,0_45_18
11_55_6_1,0_46_5
9_54_14_1,0_47_13_1
11_61_18,0_52_17
15_61_16,0_48_15
5_53_24,0_50_23
9_54_20,0_47_19
7_54_21,0_49_20
7_56_22,0_51_21
9_58_16,0_51_15
5_54_19,0_51_18
5_57_22,0_54_21
5_54_22,0_51_21
5_56_23,0_53_22
3_54_23,0_53_22
3_55_7,0_54_6
